{
"type": "FeatureCollection",
"name": "states",
"crs": { "type": "name", "properties": { "name": "urn:ogc:def:crs:OGC:1.3:CRS84" } },
"xy_coordinate_resolution": 0.001,
"features": [
{ "type": "Feature", "properties": { "st": "AK", "name": "Alaska", "k": 1, "eD": 0, "eDiss": 0.271, "oD": 0, "oDiss": 0.271, "voteD": 0.4474, "pop": 733391 }, "geometry": { "type": "MultiPolygon", "coordinates": [ [ [ [ -178.978, 51.457 ], [ -178.863, 51.419 ], [ -178.824, 51.358 ], [ -178.833, 51.324 ], [ -178.978, 51.255 ], [ -179.073, 51.179 ], [ -179.138, 51.175 ], [ -179.208, 51.203 ], [ -179.231, 51.268 ], [ -179.217, 51.312 ], [ -179.107, 51.354 ], [ -179.05, 51.428 ], [ -178.978, 51.457 ] ] ], [ [ [ -178.217, 51.432 ], [ -178.37, 51.432 ], [ -178.432, 51.489 ], [ -178.391, 51.529 ], [ -178.272, 51.541 ], [ -178.187, 51.482 ], [ -178.217, 51.432 ] ] ], [ [ [ -178.89, 51.628 ], [ -178.768, 51.616 ], [ -178.726, 51.653 ], [ -178.559, 51.658 ], [ -178.452, 51.621 ], [ -178.422, 51.575 ], [ -178.55, 51.509 ], [ -178.636, 51.525 ], [ -178.8, 51.486 ], [ -178.951, 51.565 ], [ -178.991, 51.526 ], [ -179.087, 51.51 ], [ -179.127, 51.523 ], [ -179.15, 51.567 ], [ -179.142, 51.609 ], [ -179.084, 51.642 ], [ -179.0, 51.632 ], [ -178.948, 51.587 ], [ -178.89, 51.628 ] ] ], [ [ [ -178.664, 51.747 ], [ -178.709, 51.712 ], [ -178.829, 51.695 ], [ -178.958, 51.781 ], [ -178.915, 51.858 ], [ -178.786, 51.888 ], [ -178.69, 51.849 ], [ -178.647, 51.799 ], [ -178.664, 51.747 ] ] ], [ [ [ -177.362, 51.865 ], [ -177.487, 51.843 ], [ -177.551, 51.915 ], [ -177.494, 51.975 ], [ -177.422, 51.976 ], [ -177.34, 51.927 ], [ -177.336, 51.889 ], [ -177.362, 51.865 ] ] ], [ [ [ -178.228, 51.957 ], [ -177.913, 51.965 ], [ -177.812, 51.891 ], [ -177.578, 51.901 ], [ -177.535, 51.866 ], [ -177.564, 51.796 ], [ -177.542, 51.788 ], [ -177.406, 51.837 ], [ -177.308, 51.837 ], [ -177.282, 51.863 ], [ -177.267, 51.959 ], [ -177.168, 51.999 ], [ -177.017, 51.965 ], [ -176.971, 51.925 ], [ -176.971, 51.861 ], [ -176.91, 51.89 ], [ -176.826, 52.009 ], [ -176.692, 52.018 ], [ -176.601, 52.057 ], [ -176.488, 52.026 ], [ -176.453, 51.908 ], [ -176.269, 51.919 ], [ -176.243, 51.926 ], [ -176.291, 52.053 ], [ -176.285, 52.094 ], [ -176.225, 52.153 ], [ -176.169, 52.17 ], [ -175.991, 52.15 ], [ -175.928, 52.091 ], [ -175.854, 52.096 ], [ -175.806, 52.044 ], [ -175.739, 52.021 ], [ -175.549, 52.01 ], [ -175.471, 52.043 ], [ -175.412, 52.036 ], [ -175.365, 52.072 ], [ -175.103, 52.109 ], [ -174.926, 52.164 ], [ -174.795, 52.15 ], [ -174.669, 52.225 ], [ -174.494, 52.266 ], [ -174.537, 52.317 ], [ -174.494, 52.367 ], [ -174.411, 52.376 ], [ -174.313, 52.457 ], [ -174.158, 52.473 ], [ -174.03, 52.439 ], [ -173.923, 52.378 ], [ -173.904, 52.293 ], [ -173.99, 52.183 ], [ -173.872, 52.203 ], [ -173.732, 52.183 ], [ -173.506, 52.213 ], [ -173.441, 52.169 ], [ -173.309, 52.155 ], [ -172.895, 52.155 ], [ -172.82, 52.105 ], [ -172.923, 52.024 ], [ -173.07, 52.026 ], [ -173.085, 51.975 ], [ -173.151, 51.947 ], [ -173.226, 51.975 ], [ -173.243, 52.009 ], [ -173.518, 51.971 ], [ -173.638, 52.003 ], [ -173.936, 52.004 ], [ -174.05, 52.055 ], [ -174.277, 52.046 ], [ -174.315, 52.036 ], [ -174.35, 51.981 ], [ -174.481, 51.953 ], [ -174.595, 51.978 ], [ -174.744, 51.955 ], [ -174.869, 51.989 ], [ -175.056, 51.948 ], [ -175.349, 51.963 ], [ -175.41, 51.93 ], [ -175.636, 51.911 ], [ -175.713, 51.873 ], [ -175.806, 51.866 ], [ -175.799, 51.839 ], [ -175.827, 51.805 ], [ -175.913, 51.8 ], [ -175.965, 51.755 ], [ -176.042, 51.756 ], [ -176.133, 51.722 ], [ -176.211, 51.733 ], [ -176.255, 51.696 ], [ -176.457, 51.677 ], [ -176.699, 51.579 ], [ -176.862, 51.57 ], [ -176.943, 51.537 ], [ -177.042, 51.566 ], [ -177.075, 51.621 ], [ -177.046, 51.69 ], [ -176.968, 51.748 ], [ -177.003, 51.787 ], [ -176.984, 51.834 ], [ -177.041, 51.808 ], [ -177.034, 51.733 ], [ -177.08, 51.674 ], [ -177.229, 51.632 ], [ -177.351, 51.635 ], [ -177.403, 51.67 ], [ -177.453, 51.64 ], [ -177.554, 51.64 ], [ -177.657, 51.598 ], [ -177.784, 51.648 ], [ -177.825, 51.631 ], [ -177.821, 51.585 ], [ -177.844, 51.558 ], [ -177.899, 51.54 ], [ -178.19, 51.633 ], [ -178.206, 51.679 ], [ -178.193, 51.721 ], [ -178.132, 51.758 ], [ -178.285, 51.833 ], [ -178.307, 51.859 ], [ -178.298, 51.904 ], [ -178.228, 51.957 ] ] ], [ [ [ -175.512, 52.107 ], [ -175.599, 52.147 ], [ -175.604, 52.198 ], [ -175.491, 52.238 ], [ -175.419, 52.205 ], [ -175.404, 52.171 ], [ -175.437, 52.133 ], [ -175.512, 52.107 ] ] ], [ [ [ -175.206, 52.192 ], [ -175.225, 52.233 ], [ -175.176, 52.272 ], [ -175.096, 52.274 ], [ -175.037, 52.229 ], [ -175.064, 52.186 ], [ -175.112, 52.166 ], [ -175.206, 52.192 ] ] ], [ [ [ -172.399, 52.444 ], [ -172.249, 52.393 ], [ -172.211, 52.316 ], [ -172.378, 52.229 ], [ -172.51, 52.2 ], [ -172.616, 52.199 ], [ -172.708, 52.235 ], [ -172.715, 52.295 ], [ -172.634, 52.388 ], [ -172.399, 52.444 ] ] ], [ [ [ -171.377, 52.432 ], [ -171.394, 52.468 ], [ -171.374, 52.537 ], [ -171.248, 52.581 ], [ -171.179, 52.639 ], [ -171.023, 52.604 ], [ -171.034, 52.549 ], [ -171.112, 52.508 ], [ -171.172, 52.415 ], [ -171.295, 52.393 ], [ -171.377, 52.432 ] ] ], [ [ [ -170.526, 52.729 ], [ -170.48, 52.691 ], [ -170.472, 52.644 ], [ -170.575, 52.555 ], [ -170.793, 52.487 ], [ -170.888, 52.514 ], [ -170.928, 52.55 ], [ -170.89, 52.649 ], [ -170.77, 52.721 ], [ -170.63, 52.751 ], [ -170.526, 52.729 ] ] ], [ [ [ -170.177, 52.935 ], [ -170.046, 52.973 ], [ -169.942, 52.959 ], [ -169.908, 52.922 ], [ -169.818, 52.937 ], [ -169.843, 52.969 ], [ -169.834, 53.01 ], [ -169.883, 53.045 ], [ -169.861, 53.105 ], [ -169.787, 53.133 ], [ -169.689, 53.112 ], [ -169.604, 53.062 ], [ -169.575, 52.993 ], [ -169.633, 52.929 ], [ -169.593, 52.89 ], [ -169.586, 52.814 ], [ -169.639, 52.737 ], [ -169.703, 52.716 ], [ -169.849, 52.763 ], [ -169.975, 52.738 ], [ -170.019, 52.682 ], [ -170.086, 52.662 ], [ -170.232, 52.674 ], [ -170.263, 52.697 ], [ -170.267, 52.765 ], [ -170.207, 52.823 ], [ -170.152, 52.836 ], [ -170.2, 52.88 ], [ -170.177, 52.935 ] ] ], [ [ [ -168.827, 52.858 ], [ -169.228, 52.715 ], [ -169.291, 52.723 ], [ -169.327, 52.754 ], [ -169.294, 52.812 ], [ -169.188, 52.851 ], [ -169.255, 52.885 ], [ -169.233, 52.946 ], [ -169.0, 52.983 ], [ -168.966, 53.051 ], [ -168.872, 53.082 ], [ -168.883, 53.15 ], [ -168.82, 53.222 ], [ -168.666, 53.315 ], [ -168.478, 53.378 ], [ -168.496, 53.421 ], [ -168.477, 53.45 ], [ -168.415, 53.509 ], [ -168.284, 53.571 ], [ -168.07, 53.62 ], [ -167.96, 53.613 ], [ -167.882, 53.57 ], [ -167.763, 53.568 ], [ -167.695, 53.515 ], [ -167.753, 53.422 ], [ -167.23, 53.566 ], [ -167.245, 53.629 ], [ -167.138, 53.71 ], [ -167.165, 53.774 ], [ -167.234, 53.814 ], [ -167.243, 53.855 ], [ -167.23, 53.888 ], [ -167.176, 53.912 ], [ -167.161, 53.954 ], [ -167.054, 54.009 ], [ -166.756, 54.069 ], [ -166.355, 54.061 ], [ -166.244, 54.03 ], [ -166.141, 54.047 ], [ -166.203, 54.12 ], [ -166.138, 54.214 ], [ -165.938, 54.277 ], [ -165.771, 54.232 ], [ -165.744, 54.289 ], [ -165.656, 54.347 ], [ -165.431, 54.341 ], [ -165.346, 54.251 ], [ -165.232, 54.216 ], [ -165.243, 54.178 ], [ -165.321, 54.145 ], [ -165.067, 54.18 ], [ -164.806, 54.282 ], [ -164.708, 54.264 ], [ -164.681, 54.232 ], [ -164.692, 54.183 ], [ -164.822, 54.131 ], [ -164.881, 54.043 ], [ -164.923, 54.029 ], [ -165.185, 54.017 ], [ -165.27, 53.981 ], [ -165.403, 54.017 ], [ -165.563, 53.967 ], [ -165.607, 53.977 ], [ -165.657, 54.036 ], [ -165.789, 54.016 ], [ -165.961, 53.916 ], [ -165.922, 53.846 ], [ -165.976, 53.771 ], [ -166.175, 53.66 ], [ -166.378, 53.602 ], [ -166.523, 53.493 ], [ -166.724, 53.394 ], [ -167.106, 53.367 ], [ -167.22, 53.325 ], [ -167.254, 53.287 ], [ -167.364, 53.277 ], [ -167.448, 53.214 ], [ -167.592, 53.174 ], [ -167.768, 53.182 ], [ -168.011, 53.22 ], [ -168.044, 53.244 ], [ -168.132, 53.219 ], [ -168.17, 53.158 ], [ -168.258, 53.142 ], [ -168.334, 53.083 ], [ -168.32, 53.05 ], [ -168.341, 53.03 ], [ -168.312, 52.989 ], [ -168.353, 52.948 ], [ -168.477, 52.92 ], [ -168.558, 52.959 ], [ -168.743, 52.855 ], [ -168.827, 52.858 ] ] ], [ [ [ -167.963, 53.901 ], [ -168.015, 53.876 ], [ -168.083, 53.883 ], [ -168.136, 53.946 ], [ -168.083, 53.992 ], [ -167.989, 53.989 ], [ -167.959, 53.963 ], [ -167.963, 53.901 ] ] ], [ [ [ -169.438, 56.654 ], [ -169.382, 56.615 ], [ -169.384, 56.578 ], [ -169.581, 56.483 ], [ -169.728, 56.515 ], [ -169.88, 56.602 ], [ -169.862, 56.652 ], [ -169.802, 56.674 ], [ -169.438, 56.654 ] ] ], [ [ [ -170.191, 57.298 ], [ -170.066, 57.298 ], [ -170.012, 57.254 ], [ -170.112, 57.137 ], [ -170.306, 57.056 ], [ -170.306, 57.03 ], [ -170.354, 57.003 ], [ -170.487, 57.012 ], [ -170.508, 57.062 ], [ -170.414, 57.105 ], [ -170.511, 57.144 ], [ -170.523, 57.194 ], [ -170.49, 57.226 ], [ -170.438, 57.255 ], [ -170.262, 57.264 ], [ -170.191, 57.298 ] ] ], [ [ [ -169.989, 57.13 ], [ -170.044, 57.165 ], [ -170.049, 57.196 ], [ -170.008, 57.226 ], [ -169.895, 57.232 ], [ -169.849, 57.19 ], [ -169.887, 57.145 ], [ -169.989, 57.13 ] ] ], [ [ [ -172.634, 60.201 ], [ -172.8, 60.139 ], [ -172.89, 60.182 ], [ -172.867, 60.222 ], [ -172.731, 60.262 ], [ -172.649, 60.237 ], [ -172.634, 60.201 ] ] ], [ [ [ -172.944, 60.651 ], [ -172.829, 60.622 ], [ -172.796, 60.538 ], [ -172.687, 60.48 ], [ -172.531, 60.436 ], [ -172.348, 60.427 ], [ -172.145, 60.34 ], [ -172.109, 60.303 ], [ -172.19, 60.251 ], [ -172.296, 60.239 ], [ -172.407, 60.279 ], [ -172.597, 60.259 ], [ -172.848, 60.318 ], [ -172.91, 60.34 ], [ -172.932, 60.389 ], [ -173.145, 60.457 ], [ -173.171, 60.496 ], [ -173.14, 60.576 ], [ -173.237, 60.646 ], [ -173.177, 60.72 ], [ -173.059, 60.748 ], [ -172.962, 60.709 ], [ -172.944, 60.651 ] ] ], [ [ [ -168.636, 63.205 ], [ -168.734, 63.131 ], [ -168.683, 63.085 ], [ -168.764, 63.028 ], [ -168.918, 63.031 ], [ -168.949, 63.062 ], [ -168.923, 63.1 ], [ -169.027, 63.125 ], [ -169.264, 63.118 ], [ -169.452, 63.039 ], [ -169.42, 62.974 ], [ -169.437, 62.948 ], [ -169.639, 62.885 ], [ -169.839, 62.926 ], [ -169.901, 63.038 ], [ -170.115, 63.127 ], [ -170.359, 63.148 ], [ -170.401, 63.182 ], [ -170.383, 63.211 ], [ -170.439, 63.252 ], [ -170.597, 63.311 ], [ -170.909, 63.37 ], [ -171.049, 63.374 ], [ -171.166, 63.348 ], [ -171.251, 63.292 ], [ -171.481, 63.255 ], [ -171.811, 63.329 ], [ -171.885, 63.377 ], [ -171.965, 63.473 ], [ -171.944, 63.571 ], [ -171.861, 63.675 ], [ -171.836, 63.744 ], [ -171.856, 63.786 ], [ -171.777, 63.838 ], [ -171.675, 63.844 ], [ -171.549, 63.801 ], [ -171.521, 63.75 ], [ -171.535, 63.722 ], [ -170.96, 63.626 ], [ -170.656, 63.724 ], [ -170.504, 63.753 ], [ -170.296, 63.756 ], [ -170.169, 63.72 ], [ -169.986, 63.623 ], [ -169.927, 63.527 ], [ -169.792, 63.491 ], [ -169.603, 63.481 ], [ -169.456, 63.415 ], [ -168.609, 63.335 ], [ -168.578, 63.309 ], [ -168.636, 63.205 ] ] ], [ [ [ -167.975, 64.923 ], [ -168.091, 64.911 ], [ -168.187, 64.935 ], [ -168.21, 64.951 ], [ -168.208, 65.003 ], [ -168.076, 65.043 ], [ -167.973, 65.03 ], [ -167.914, 64.97 ], [ -167.975, 64.923 ] ] ], [ [ [ -168.794, 65.671 ], [ -168.666, 65.66 ], [ -168.626, 65.612 ], [ -168.734, 65.572 ], [ -168.865, 65.607 ], [ -168.857, 65.641 ], [ -168.794, 65.671 ] ] ], [ [ [ -168.856, 65.691 ], [ -168.972, 65.689 ], [ -168.971, 65.815 ], [ -168.861, 65.818 ], [ -168.787, 65.785 ], [ -168.768, 65.731 ], [ -168.856, 65.691 ] ] ], [ [ [ -162.881, 54.553 ], [ -162.355, 54.456 ], [ -162.249, 54.399 ], [ -162.238, 54.37 ], [ -162.282, 54.331 ], [ -162.492, 54.294 ], [ -162.563, 54.244 ], [ -162.701, 54.238 ], [ -162.875, 54.339 ], [ -162.952, 54.325 ], [ -163.004, 54.352 ], [ -163.008, 54.401 ], [ -162.96, 54.428 ], [ -162.938, 54.521 ], [ -162.881, 54.553 ] ] ], [ [ [ -162.985, 54.723 ], [ -162.952, 54.666 ], [ -163.026, 54.611 ], [ -163.435, 54.603 ], [ -163.564, 54.539 ], [ -163.758, 54.572 ], [ -164.122, 54.556 ], [ -164.236, 54.518 ], [ -164.258, 54.456 ], [ -164.347, 54.397 ], [ -164.618, 54.339 ], [ -164.777, 54.339 ], [ -164.901, 54.375 ], [ -164.995, 54.457 ], [ -165.037, 54.562 ], [ -165.0, 54.626 ], [ -164.783, 54.692 ], [ -164.651, 54.844 ], [ -164.627, 54.911 ], [ -164.522, 54.969 ], [ -164.419, 54.979 ], [ -164.298, 54.952 ], [ -164.158, 55.015 ], [ -164.048, 55.021 ], [ -163.913, 55.091 ], [ -163.569, 55.1 ], [ -163.141, 55.232 ], [ -162.935, 55.382 ], [ -162.547, 55.529 ], [ -162.29, 55.725 ], [ -161.826, 55.942 ], [ -161.211, 56.067 ], [ -160.616, 56.067 ], [ -160.546, 56.115 ], [ -160.513, 56.203 ], [ -160.439, 56.299 ], [ -160.226, 56.434 ], [ -160.032, 56.497 ], [ -159.905, 56.578 ], [ -159.174, 56.814 ], [ -158.894, 56.945 ], [ -158.53, 57.535 ], [ -158.063, 58.486 ], [ -158.148, 58.544 ], [ -158.213, 58.542 ], [ -158.605, 58.456 ], [ -158.638, 58.413 ], [ -158.773, 58.355 ], [ -159.079, 58.339 ], [ -159.148, 58.37 ], [ -159.152, 58.416 ], [ -159.545, 58.778 ], [ -159.701, 58.797 ], [ -159.811, 58.735 ], [ -159.939, 58.718 ], [ -160.089, 58.807 ], [ -160.172, 58.77 ], [ -160.274, 58.789 ], [ -160.311, 58.812 ], [ -160.343, 58.881 ], [ -160.609, 58.844 ], [ -160.602, 58.793 ], [ -160.793, 58.56 ], [ -160.933, 58.496 ], [ -161.141, 58.503 ], [ -161.178, 58.542 ], [ -161.178, 58.607 ], [ -161.234, 58.643 ], [ -161.458, 58.586 ], [ -161.617, 58.507 ], [ -161.749, 58.496 ], [ -161.845, 58.523 ], [ -161.864, 58.569 ], [ -162.081, 58.565 ], [ -162.23, 58.598 ], [ -162.271, 58.622 ], [ -162.269, 58.668 ], [ -162.169, 58.71 ], [ -161.949, 58.724 ], [ -161.851, 58.808 ], [ -161.888, 58.871 ], [ -161.882, 58.944 ], [ -161.903, 58.978 ], [ -162.102, 59.129 ], [ -162.171, 59.248 ], [ -162.166, 59.275 ], [ -162.065, 59.36 ], [ -162.054, 59.409 ], [ -161.915, 59.47 ], [ -161.871, 59.525 ], [ -162.179, 59.815 ], [ -162.364, 59.811 ], [ -162.441, 59.844 ], [ -162.449, 59.885 ], [ -162.698, 59.892 ], [ -162.817, 59.84 ], [ -162.826, 59.801 ], [ -162.948, 59.768 ], [ -163.146, 59.796 ], [ -163.707, 59.741 ], [ -163.994, 59.764 ], [ -163.897, 59.715 ], [ -163.788, 59.709 ], [ -163.74, 59.668 ], [ -163.812, 59.621 ], [ -164.014, 59.638 ], [ -164.125, 59.716 ], [ -164.274, 59.779 ], [ -164.416, 59.885 ], [ -164.45, 59.954 ], [ -164.343, 60.003 ], [ -164.489, 60.055 ], [ -164.597, 60.158 ], [ -164.748, 60.24 ], [ -164.972, 60.277 ], [ -165.141, 60.358 ], [ -165.24, 60.443 ], [ -165.388, 60.459 ], [ -165.501, 60.526 ], [ -165.519, 60.566 ], [ -165.446, 60.623 ], [ -165.34, 60.638 ], [ -165.123, 60.736 ], [ -165.177, 60.796 ], [ -165.157, 60.83 ], [ -165.171, 60.877 ], [ -165.302, 60.966 ], [ -165.237, 61.05 ], [ -165.417, 61.012 ], [ -165.664, 61.058 ], [ -165.744, 61.125 ], [ -165.786, 61.198 ], [ -165.991, 61.316 ], [ -166.031, 61.395 ], [ -166.194, 61.46 ], [ -166.281, 61.563 ], [ -166.23, 61.798 ], [ -166.112, 61.873 ], [ -166.076, 61.983 ], [ -166.13, 62.025 ], [ -166.097, 62.074 ], [ -166.006, 62.123 ], [ -165.902, 62.119 ], [ -165.449, 62.391 ], [ -165.346, 62.527 ], [ -165.339, 62.576 ], [ -165.214, 62.614 ], [ -165.248, 62.648 ], [ -165.247, 62.71 ], [ -164.987, 62.761 ], [ -165.037, 62.829 ], [ -164.916, 62.903 ], [ -164.895, 62.948 ], [ -164.906, 63.045 ], [ -164.88, 63.066 ], [ -164.744, 63.094 ], [ -164.61, 63.2 ], [ -164.496, 63.251 ], [ -164.25, 63.303 ], [ -164.051, 63.318 ], [ -163.658, 63.25 ], [ -163.253, 63.092 ], [ -163.118, 63.102 ], [ -162.957, 63.177 ], [ -162.938, 63.215 ], [ -162.871, 63.253 ], [ -162.739, 63.269 ], [ -162.438, 63.492 ], [ -162.68, 63.492 ], [ -162.827, 63.576 ], [ -162.786, 63.624 ], [ -162.584, 63.691 ], [ -162.304, 63.672 ], [ -162.223, 63.597 ], [ -161.956, 63.557 ], [ -161.841, 63.493 ], [ -161.285, 63.523 ], [ -161.142, 63.604 ], [ -161.098, 63.656 ], [ -161.009, 63.678 ], [ -160.877, 63.797 ], [ -160.944, 63.922 ], [ -161.046, 64.022 ], [ -161.076, 64.206 ], [ -161.414, 64.358 ], [ -161.494, 64.329 ], [ -161.591, 64.336 ], [ -162.313, 64.543 ], [ -162.471, 64.487 ], [ -162.513, 64.393 ], [ -162.558, 64.356 ], [ -162.795, 64.276 ], [ -163.242, 64.361 ], [ -163.364, 64.446 ], [ -163.536, 64.504 ], [ -163.814, 64.531 ], [ -163.976, 64.508 ], [ -164.355, 64.508 ], [ -164.755, 64.408 ], [ -165.033, 64.388 ], [ -165.336, 64.444 ], [ -166.078, 64.521 ], [ -166.071, 64.49 ], [ -166.134, 64.438 ], [ -166.273, 64.438 ], [ -166.351, 64.478 ], [ -166.354, 64.507 ], [ -166.281, 64.545 ], [ -166.491, 64.619 ], [ -166.59, 64.739 ], [ -166.582, 64.822 ], [ -166.523, 64.871 ], [ -166.761, 64.964 ], [ -166.829, 64.999 ], [ -166.825, 65.018 ], [ -166.978, 65.069 ], [ -167.073, 65.139 ], [ -167.072, 65.2 ], [ -167.009, 65.277 ], [ -166.95, 65.308 ], [ -167.488, 65.361 ], [ -167.938, 65.5 ], [ -168.127, 65.531 ], [ -168.219, 65.596 ], [ -168.221, 65.675 ], [ -168.077, 65.756 ], [ -167.521, 65.878 ], [ -166.719, 66.148 ], [ -165.778, 66.398 ], [ -165.292, 66.502 ], [ -164.464, 66.626 ], [ -163.901, 66.643 ], [ -163.626, 66.624 ], [ -162.832, 66.927 ], [ -163.049, 66.986 ], [ -163.781, 67.07 ], [ -163.912, 67.105 ], [ -164.003, 67.173 ], [ -163.883, 67.215 ], [ -164.004, 67.398 ], [ -164.176, 67.547 ], [ -164.655, 67.692 ], [ -165.516, 68.024 ], [ -165.855, 68.035 ], [ -166.043, 68.085 ], [ -166.149, 68.169 ], [ -166.41, 68.251 ], [ -166.672, 68.29 ], [ -166.9, 68.286 ], [ -166.985, 68.321 ], [ -166.904, 68.378 ], [ -166.446, 68.473 ], [ -166.433, 68.528 ], [ -166.37, 68.571 ], [ -166.37, 68.649 ], [ -166.328, 68.693 ], [ -166.323, 68.788 ], [ -166.367, 68.859 ], [ -166.33, 68.911 ], [ -166.205, 68.936 ], [ -165.499, 68.913 ], [ -164.78, 68.948 ], [ -164.288, 68.977 ], [ -164.003, 69.045 ], [ -163.759, 69.122 ], [ -163.363, 69.33 ], [ -163.288, 69.428 ], [ -163.284, 69.647 ], [ -163.165, 69.824 ], [ -162.573, 70.169 ], [ -162.216, 70.299 ], [ -161.875, 70.381 ], [ -161.283, 70.35 ], [ -160.974, 70.401 ], [ -160.491, 70.535 ], [ -159.712, 70.847 ], [ -159.262, 70.918 ], [ -158.722, 70.962 ], [ -158.599, 70.946 ], [ -158.522, 70.898 ], [ -158.317, 70.871 ], [ -157.88, 70.91 ], [ -157.424, 71.054 ], [ -156.833, 71.359 ], [ -156.477, 71.441 ], [ -155.892, 71.354 ], [ -155.761, 71.282 ], [ -155.436, 71.271 ], [ -155.097, 71.224 ], [ -154.77, 71.149 ], [ -154.373, 71.01 ], [ -153.901, 70.931 ], [ -153.494, 70.933 ], [ -153.243, 70.976 ], [ -152.985, 70.983 ], [ -152.199, 70.899 ], [ -152.058, 70.846 ], [ -152.044, 70.818 ], [ -151.615, 70.597 ], [ -151.514, 70.57 ], [ -151.503, 70.543 ], [ -151.545, 70.491 ], [ -151.246, 70.48 ], [ -150.77, 70.553 ], [ -150.347, 70.561 ], [ -150.283, 70.605 ], [ -150.201, 70.615 ], [ -150.032, 70.597 ], [ -149.696, 70.625 ], [ -148.786, 70.527 ], [ -148.66, 70.479 ], [ -148.491, 70.454 ], [ -148.516, 70.472 ], [ -148.509, 70.495 ], [ -148.423, 70.528 ], [ -148.13, 70.5 ], [ -148.059, 70.532 ], [ -147.935, 70.541 ], [ -147.811, 70.513 ], [ -147.78, 70.472 ], [ -147.611, 70.436 ], [ -147.452, 70.447 ], [ -147.35, 70.424 ], [ -147.207, 70.384 ], [ -147.169, 70.346 ], [ -147.0, 70.364 ], [ -146.869, 70.347 ], [ -146.717, 70.287 ], [ -146.405, 70.289 ], [ -145.979, 70.244 ], [ -145.297, 70.092 ], [ -145.113, 70.084 ], [ -145.033, 70.03 ], [ -144.867, 70.043 ], [ -144.679, 70.014 ], [ -144.481, 70.091 ], [ -144.064, 70.14 ], [ -143.951, 70.178 ], [ -143.622, 70.206 ], [ -143.411, 70.184 ], [ -143.226, 70.202 ], [ -142.48, 70.034 ], [ -142.057, 69.903 ], [ -141.592, 69.815 ], [ -141.378, 69.744 ], [ -141.003, 69.704 ], [ -141.001, 60.306 ], [ -140.536, 60.224 ], [ -140.473, 60.311 ], [ -139.989, 60.185 ], [ -139.698, 60.341 ], [ -139.087, 60.358 ], [ -139.083, 60.324 ], [ -139.201, 60.091 ], [ -139.047, 59.998 ], [ -138.702, 59.91 ], [ -138.663, 59.81 ], [ -138.621, 59.77 ], [ -137.604, 59.243 ], [ -137.498, 58.987 ], [ -137.527, 58.907 ], [ -137.447, 58.91 ], [ -137.265, 59.002 ], [ -136.826, 59.158 ], [ -136.582, 59.165 ], [ -136.467, 59.284 ], [ -136.475, 59.464 ], [ -136.366, 59.448 ], [ -136.302, 59.464 ], [ -136.235, 59.525 ], [ -136.237, 59.559 ], [ -136.35, 59.599 ], [ -136.191, 59.64 ], [ -135.946, 59.664 ], [ -135.478, 59.8 ], [ -135.231, 59.697 ], [ -135.166, 59.632 ], [ -135.114, 59.623 ], [ -135.027, 59.564 ], [ -135.026, 59.474 ], [ -135.098, 59.428 ], [ -134.993, 59.388 ], [ -135.029, 59.345 ], [ -134.962, 59.281 ], [ -134.702, 59.248 ], [ -134.681, 59.191 ], [ -134.566, 59.128 ], [ -134.481, 59.128 ], [ -134.379, 59.035 ], [ -134.401, 58.976 ], [ -134.306, 58.959 ], [ -134.328, 58.92 ], [ -134.25, 58.858 ], [ -133.841, 58.728 ], [ -133.699, 58.608 ], [ -133.38, 58.428 ], [ -133.461, 58.384 ], [ -133.176, 58.15 ], [ -133.076, 58.0 ], [ -132.869, 57.843 ], [ -132.757, 57.705 ], [ -132.367, 57.349 ], [ -132.252, 57.216 ], [ -132.372, 57.095 ], [ -132.052, 57.051 ], [ -132.126, 56.874 ], [ -131.872, 56.805 ], [ -131.902, 56.753 ], [ -131.862, 56.705 ], [ -131.835, 56.602 ], [ -131.582, 56.613 ], [ -131.086, 56.406 ], [ -130.783, 56.368 ], [ -130.622, 56.268 ], [ -130.467, 56.24 ], [ -130.426, 56.141 ], [ -130.246, 56.097 ], [ -130.103, 56.116 ], [ -130.004, 55.993 ], [ -130.014, 55.916 ], [ -130.085, 55.824 ], [ -130.129, 55.802 ], [ -130.148, 55.715 ], [ -130.111, 55.682 ], [ -130.121, 55.564 ], [ -130.044, 55.452 ], [ -130.023, 55.339 ], [ -129.981, 55.285 ], [ -130.119, 55.176 ], [ -130.188, 55.065 ], [ -130.339, 54.922 ], [ -130.658, 54.762 ], [ -130.615, 54.706 ], [ -133.649, 54.632 ], [ -133.742, 54.823 ], [ -133.79, 55.0 ], [ -133.612, 55.177 ], [ -133.691, 55.198 ], [ -133.775, 55.282 ], [ -133.772, 55.395 ], [ -133.874, 55.399 ], [ -133.907, 55.434 ], [ -133.862, 55.48 ], [ -133.798, 55.633 ], [ -133.888, 55.684 ], [ -133.879, 55.716 ], [ -133.831, 55.742 ], [ -133.838, 55.794 ], [ -133.937, 55.776 ], [ -133.996, 55.795 ], [ -134.026, 55.892 ], [ -134.193, 55.693 ], [ -134.42, 55.749 ], [ -134.602, 55.823 ], [ -134.642, 55.858 ], [ -134.632, 55.898 ], [ -134.512, 55.956 ], [ -134.495, 56.0 ], [ -134.661, 56.142 ], [ -134.854, 56.236 ], [ -135.865, 56.996 ], [ -136.454, 57.831 ], [ -136.645, 57.883 ], [ -136.651, 57.994 ], [ -136.68, 58.036 ], [ -136.651, 58.103 ], [ -136.511, 58.153 ], [ -136.516, 58.181 ], [ -136.659, 58.145 ], [ -136.814, 58.189 ], [ -137.015, 58.344 ], [ -137.12, 58.33 ], [ -137.602, 58.542 ], [ -137.72, 58.571 ], [ -137.762, 58.596 ], [ -137.775, 58.641 ], [ -137.997, 58.75 ], [ -138.038, 58.79 ], [ -138.04, 58.867 ], [ -138.29, 59.0 ], [ -138.667, 59.083 ], [ -138.891, 59.181 ], [ -139.532, 59.357 ], [ -140.363, 59.654 ], [ -140.937, 59.686 ], [ -141.001, 59.701 ], [ -141.001, 59.724 ], [ -141.647, 59.861 ], [ -142.398, 59.985 ], [ -142.859, 60.011 ], [ -143.083, 59.977 ], [ -144.145, 59.919 ], [ -144.411, 59.746 ], [ -144.542, 59.719 ], [ -144.676, 59.727 ], [ -144.778, 59.779 ], [ -144.778, 59.83 ], [ -144.54, 60.01 ], [ -144.608, 60.079 ], [ -144.776, 60.13 ], [ -145.318, 60.18 ], [ -145.824, 60.315 ], [ -145.977, 60.315 ], [ -147.101, 60.081 ], [ -147.242, 59.998 ], [ -147.272, 59.963 ], [ -147.281, 59.879 ], [ -147.335, 59.834 ], [ -147.688, 59.742 ], [ -147.957, 59.744 ], [ -148.218, 59.876 ], [ -148.98, 59.894 ], [ -149.27, 59.846 ], [ -149.468, 59.734 ], [ -149.621, 59.527 ], [ -150.992, 59.181 ], [ -151.444, 59.1 ], [ -153.022, 59.002 ], [ -153.184, 58.906 ], [ -153.152, 58.848 ], [ -153.203, 58.802 ], [ -153.166, 58.765 ], [ -153.186, 58.729 ], [ -153.318, 58.713 ], [ -153.479, 58.642 ], [ -153.447, 58.598 ], [ -153.461, 58.573 ], [ -153.593, 58.542 ], [ -153.627, 58.508 ], [ -153.692, 58.494 ], [ -153.811, 58.515 ], [ -153.881, 58.456 ], [ -153.858, 58.374 ], [ -153.925, 58.32 ], [ -153.971, 58.312 ], [ -154.134, 58.1 ], [ -154.391, 57.999 ], [ -154.801, 57.959 ], [ -154.94, 57.975 ], [ -155.043, 57.813 ], [ -155.161, 57.791 ], [ -155.15, 57.75 ], [ -155.3, 57.643 ], [ -155.639, 57.602 ], [ -155.646, 57.522 ], [ -155.668, 57.508 ], [ -155.844, 57.497 ], [ -155.94, 57.413 ], [ -156.167, 57.346 ], [ -156.248, 57.244 ], [ -156.215, 57.195 ], [ -156.228, 57.162 ], [ -156.316, 57.106 ], [ -156.312, 57.068 ], [ -156.359, 57.037 ], [ -156.357, 56.822 ], [ -158.237, 55.635 ], [ -159.458, 55.629 ], [ -159.521, 55.601 ], [ -159.505, 55.558 ], [ -159.538, 55.532 ], [ -159.951, 55.508 ], [ -160.041, 55.448 ], [ -160.056, 55.399 ], [ -159.997, 55.39 ], [ -159.932, 55.337 ], [ -159.804, 55.324 ], [ -159.738, 55.222 ], [ -159.609, 55.268 ], [ -159.545, 55.328 ], [ -159.483, 55.336 ], [ -159.408, 55.309 ], [ -159.399, 55.26 ], [ -159.427, 55.201 ], [ -159.41, 55.123 ], [ -159.233, 55.099 ], [ -159.203, 55.043 ], [ -159.25, 54.998 ], [ -159.114, 54.93 ], [ -159.133, 54.885 ], [ -159.226, 54.82 ], [ -159.362, 54.828 ], [ -159.432, 54.894 ], [ -159.542, 54.924 ], [ -159.543, 54.976 ], [ -159.565, 54.991 ], [ -159.677, 54.987 ], [ -159.725, 55.018 ], [ -159.815, 54.91 ], [ -159.953, 54.93 ], [ -159.987, 54.891 ], [ -160.094, 54.89 ], [ -160.156, 54.829 ], [ -160.258, 54.807 ], [ -160.315, 54.843 ], [ -160.343, 54.931 ], [ -160.293, 55.0 ], [ -160.244, 55.023 ], [ -160.285, 55.125 ], [ -160.149, 55.196 ], [ -160.13, 55.238 ], [ -160.204, 55.335 ], [ -160.238, 55.34 ], [ -160.222, 55.289 ], [ -160.278, 55.205 ], [ -160.367, 55.196 ], [ -160.447, 55.108 ], [ -160.431, 55.065 ], [ -160.52, 55.025 ], [ -160.573, 55.037 ], [ -160.608, 55.098 ], [ -160.709, 55.112 ], [ -160.837, 55.068 ], [ -160.9, 55.096 ], [ -160.904, 55.159 ], [ -160.941, 55.188 ], [ -160.922, 55.238 ], [ -160.954, 55.325 ], [ -160.859, 55.42 ], [ -160.909, 55.42 ], [ -161.239, 55.299 ], [ -161.186, 55.285 ], [ -161.09, 55.317 ], [ -161.031, 55.295 ], [ -161.013, 55.263 ], [ -161.058, 55.22 ], [ -161.156, 55.223 ], [ -161.249, 55.193 ], [ -161.255, 55.114 ], [ -161.418, 55.067 ], [ -161.353, 55.019 ], [ -161.385, 54.974 ], [ -161.47, 54.95 ], [ -161.672, 54.959 ], [ -161.667, 54.928 ], [ -161.717, 54.896 ], [ -161.653, 54.875 ], [ -161.565, 54.798 ], [ -161.605, 54.742 ], [ -161.698, 54.748 ], [ -161.841, 54.684 ], [ -161.965, 54.717 ], [ -162.057, 54.705 ], [ -162.029, 54.659 ], [ -162.048, 54.632 ], [ -162.105, 54.618 ], [ -162.241, 54.64 ], [ -162.253, 54.603 ], [ -162.322, 54.576 ], [ -162.322, 54.532 ], [ -162.392, 54.505 ], [ -162.48, 54.541 ], [ -162.464, 54.587 ], [ -162.491, 54.622 ], [ -162.46, 54.667 ], [ -162.55, 54.725 ], [ -162.547, 54.764 ], [ -162.484, 54.793 ], [ -162.6, 54.827 ], [ -162.614, 54.878 ], [ -162.578, 54.908 ], [ -162.643, 54.933 ], [ -162.791, 54.888 ], [ -162.846, 54.848 ], [ -162.894, 54.844 ], [ -162.968, 54.882 ], [ -163.063, 54.88 ], [ -163.137, 54.83 ], [ -162.985, 54.723 ] ] ], [ [ [ -162.783, 54.765 ], [ -162.819, 54.811 ], [ -162.769, 54.854 ], [ -162.683, 54.848 ], [ -162.637, 54.805 ], [ -162.677, 54.763 ], [ -162.783, 54.765 ] ] ], [ [ [ -161.167, 55.122 ], [ -161.193, 55.165 ], [ -161.149, 55.201 ], [ -161.062, 55.207 ], [ -161.006, 55.163 ], [ -161.06, 55.112 ], [ -161.167, 55.122 ] ] ], [ [ [ -163.034, 55.404 ], [ -163.107, 55.349 ], [ -163.235, 55.366 ], [ -163.268, 55.407 ], [ -163.253, 55.454 ], [ -163.268, 55.494 ], [ -163.202, 55.529 ], [ -163.136, 55.525 ], [ -163.041, 55.455 ], [ -163.034, 55.404 ] ] ], [ [ [ -159.921, 58.544 ], [ -160.058, 58.547 ], [ -160.098, 58.6 ], [ -160.075, 58.64 ], [ -160.005, 58.666 ], [ -159.914, 58.651 ], [ -159.863, 58.579 ], [ -159.921, 58.544 ] ] ], [ [ [ -160.453, 58.792 ], [ -160.116, 58.739 ], [ -160.097, 58.698 ], [ -160.259, 58.545 ], [ -160.396, 58.554 ], [ -160.414, 58.587 ], [ -160.388, 58.628 ], [ -160.476, 58.627 ], [ -160.539, 58.664 ], [ -160.505, 58.761 ], [ -160.453, 58.792 ] ] ], [ [ [ -167.205, 60.288 ], [ -166.944, 60.278 ], [ -166.763, 60.381 ], [ -166.667, 60.386 ], [ -166.506, 60.448 ], [ -166.349, 60.418 ], [ -166.277, 60.452 ], [ -166.249, 60.491 ], [ -166.153, 60.511 ], [ -166.054, 60.469 ], [ -165.981, 60.374 ], [ -165.899, 60.403 ], [ -165.738, 60.406 ], [ -165.586, 60.33 ], [ -165.561, 60.302 ], [ -165.589, 60.241 ], [ -165.567, 60.216 ], [ -165.589, 60.179 ], [ -165.56, 60.133 ], [ -165.567, 60.059 ], [ -165.402, 59.968 ], [ -165.495, 59.87 ], [ -165.738, 59.841 ], [ -166.013, 59.705 ], [ -166.176, 59.7 ], [ -166.322, 59.773 ], [ -166.429, 59.801 ], [ -166.654, 59.803 ], [ -166.829, 59.852 ], [ -166.94, 59.912 ], [ -167.138, 59.944 ], [ -167.223, 59.994 ], [ -167.401, 60.026 ], [ -167.441, 60.057 ], [ -167.437, 60.109 ], [ -167.473, 60.149 ], [ -167.561, 60.206 ], [ -167.509, 60.263 ], [ -167.205, 60.288 ] ] ], [ [ [ -161.752, 63.552 ], [ -161.84, 63.571 ], [ -161.856, 63.622 ], [ -161.759, 63.655 ], [ -161.639, 63.618 ], [ -161.651, 63.58 ], [ -161.752, 63.552 ] ] ], [ [ [ -161.432, 64.105 ], [ -161.421, 64.159 ], [ -161.356, 64.184 ], [ -161.223, 64.176 ], [ -161.176, 64.147 ], [ -161.185, 64.106 ], [ -161.252, 64.066 ], [ -161.373, 64.07 ], [ -161.432, 64.105 ] ] ], [ [ [ -159.556, 54.881 ], [ -159.417, 54.792 ], [ -159.443, 54.738 ], [ -159.548, 54.699 ], [ -159.652, 54.717 ], [ -159.689, 54.766 ], [ -159.766, 54.74 ], [ -159.835, 54.745 ], [ -159.911, 54.809 ], [ -159.855, 54.865 ], [ -159.729, 54.894 ], [ -159.556, 54.881 ] ] ], [ [ [ -155.837, 55.783 ], [ -155.805, 55.837 ], [ -155.634, 55.925 ], [ -155.474, 55.914 ], [ -155.454, 55.884 ], [ -155.485, 55.818 ], [ -155.474, 55.742 ], [ -155.528, 55.706 ], [ -155.794, 55.729 ], [ -155.837, 55.783 ] ] ], [ [ [ -156.708, 56.268 ], [ -156.651, 56.201 ], [ -156.676, 56.152 ], [ -156.557, 56.09 ], [ -156.548, 56.038 ], [ -156.647, 55.962 ], [ -156.793, 55.956 ], [ -156.834, 55.985 ], [ -156.846, 56.03 ], [ -156.817, 56.104 ], [ -156.897, 56.138 ], [ -156.898, 56.201 ], [ -156.842, 56.27 ], [ -156.708, 56.268 ] ] ], [ [ [ -152.775, 57.161 ], [ -152.834, 57.094 ], [ -153.099, 57.04 ], [ -153.206, 56.953 ], [ -153.32, 56.941 ], [ -153.449, 56.971 ], [ -153.476, 56.941 ], [ -153.452, 56.9 ], [ -153.489, 56.864 ], [ -153.761, 56.777 ], [ -153.748, 56.745 ], [ -153.784, 56.698 ], [ -153.999, 56.635 ], [ -153.982, 56.609 ], [ -153.842, 56.621 ], [ -153.765, 56.588 ], [ -153.762, 56.556 ], [ -153.807, 56.51 ], [ -153.905, 56.462 ], [ -154.233, 56.444 ], [ -154.34, 56.465 ], [ -154.429, 56.441 ], [ -154.498, 56.456 ], [ -154.726, 56.355 ], [ -154.863, 56.384 ], [ -154.893, 56.423 ], [ -154.887, 56.456 ], [ -154.812, 56.524 ], [ -154.597, 56.636 ], [ -154.508, 56.658 ], [ -154.352, 56.633 ], [ -154.237, 56.668 ], [ -154.218, 56.72 ], [ -154.385, 56.83 ], [ -154.388, 56.896 ], [ -154.609, 56.97 ], [ -154.628, 57.002 ], [ -154.601, 57.036 ], [ -154.62, 57.162 ], [ -154.686, 57.214 ], [ -154.832, 57.231 ], [ -154.931, 57.282 ], [ -154.888, 57.382 ], [ -154.815, 57.412 ], [ -154.723, 57.528 ], [ -154.572, 57.62 ], [ -154.482, 57.632 ], [ -154.407, 57.69 ], [ -154.24, 57.715 ], [ -153.917, 57.916 ], [ -153.787, 57.918 ], [ -153.48, 58.019 ], [ -153.506, 58.066 ], [ -153.471, 58.108 ], [ -153.2, 58.266 ], [ -152.847, 58.532 ], [ -152.775, 58.55 ], [ -152.72, 58.636 ], [ -152.56, 58.735 ], [ -152.434, 58.751 ], [ -152.393, 58.73 ], [ -152.384, 58.69 ], [ -152.313, 58.7 ], [ -152.247, 58.681 ], [ -152.189, 58.62 ], [ -152.183, 58.574 ], [ -152.066, 58.527 ], [ -152.08, 58.479 ], [ -152.183, 58.452 ], [ -152.071, 58.44 ], [ -151.896, 58.371 ], [ -151.824, 58.399 ], [ -151.728, 58.386 ], [ -151.702, 58.341 ], [ -151.756, 58.304 ], [ -151.691, 58.235 ], [ -151.725, 58.164 ], [ -151.802, 58.122 ], [ -151.908, 58.117 ], [ -151.967, 58.154 ], [ -152.055, 58.105 ], [ -152.312, 58.05 ], [ -152.453, 58.059 ], [ -152.475, 58.045 ], [ -152.236, 57.95 ], [ -152.22, 57.93 ], [ -152.255, 57.866 ], [ -152.133, 57.825 ], [ -152.08, 57.687 ], [ -152.032, 57.628 ], [ -152.063, 57.571 ], [ -152.222, 57.475 ], [ -152.217, 57.438 ], [ -152.157, 57.406 ], [ -152.187, 57.353 ], [ -152.338, 57.321 ], [ -152.383, 57.335 ], [ -152.416, 57.384 ], [ -152.643, 57.235 ], [ -152.836, 57.217 ], [ -152.785, 57.192 ], [ -152.775, 57.161 ] ] ], [ [ [ -152.129, 59.017 ], [ -151.937, 58.988 ], [ -151.852, 58.917 ], [ -151.883, 58.881 ], [ -152.037, 58.828 ], [ -152.135, 58.858 ], [ -152.341, 58.82 ], [ -152.401, 58.836 ], [ -152.46, 58.895 ], [ -152.466, 58.924 ], [ -152.415, 58.992 ], [ -152.129, 59.017 ] ] ], [ [ [ -146.415, 59.566 ], [ -146.342, 59.587 ], [ -146.264, 59.573 ], [ -146.243, 59.52 ], [ -146.17, 59.481 ], [ -146.147, 59.424 ], [ -146.266, 59.353 ], [ -146.382, 59.334 ], [ -146.478, 59.354 ], [ -146.507, 59.397 ], [ -146.427, 59.467 ], [ -146.415, 59.566 ] ] ], [ [ [ 178.607, 51.717 ], [ 179.061, 51.633 ], [ 179.095, 51.576 ], [ 179.287, 51.469 ], [ 179.425, 51.463 ], [ 179.522, 51.419 ], [ 179.578, 51.355 ], [ 179.511, 51.308 ], [ 179.219, 51.295 ], [ 179.151, 51.316 ], [ 178.896, 51.492 ], [ 178.79, 51.492 ], [ 178.531, 51.625 ], [ 178.547, 51.688 ], [ 178.607, 51.717 ] ] ], [ [ [ 178.498, 51.764 ], [ 178.469, 51.719 ], [ 178.4, 51.703 ], [ 178.25, 51.724 ], [ 178.141, 51.797 ], [ 178.121, 51.832 ], [ 178.176, 51.885 ], [ 178.293, 51.878 ], [ 178.432, 51.827 ], [ 178.498, 51.764 ] ] ], [ [ [ 178.084, 51.835 ], [ 177.998, 51.822 ], [ 177.933, 51.87 ], [ 177.996, 51.922 ], [ 178.069, 51.915 ], [ 178.101, 51.876 ], [ 178.084, 51.835 ] ] ], [ [ [ 179.819, 52.01 ], [ 179.86, 51.96 ], [ 179.826, 51.892 ], [ 179.672, 51.826 ], [ 179.485, 51.848 ], [ 179.39, 51.924 ], [ 179.408, 52.005 ], [ 179.541, 52.064 ], [ 179.679, 52.075 ], [ 179.819, 52.01 ] ] ], [ [ [ 177.417, 52.038 ], [ 177.498, 52.152 ], [ 177.573, 52.187 ], [ 177.643, 52.184 ], [ 177.764, 52.121 ], [ 177.768, 52.076 ], [ 177.702, 52.007 ], [ 177.845, 51.984 ], [ 177.874, 51.944 ], [ 177.819, 51.895 ], [ 177.735, 51.902 ], [ 177.546, 51.861 ], [ 177.417, 51.871 ], [ 177.415, 51.791 ], [ 177.345, 51.758 ], [ 177.299, 51.763 ], [ 177.116, 51.867 ], [ 177.139, 51.936 ], [ 177.321, 52.021 ], [ 177.417, 52.038 ] ] ], [ [ [ 178.267, 52.037 ], [ 178.513, 52.043 ], [ 178.643, 51.998 ], [ 178.667, 51.93 ], [ 178.581, 51.86 ], [ 178.502, 51.847 ], [ 178.371, 51.907 ], [ 178.289, 51.901 ], [ 178.195, 51.948 ], [ 178.06, 51.948 ], [ 178.017, 51.979 ], [ 178.0, 52.033 ], [ 178.046, 52.089 ], [ 178.121, 52.107 ], [ 178.189, 52.099 ], [ 178.267, 52.037 ] ] ], [ [ [ 177.415, 52.085 ], [ 177.333, 52.075 ], [ 177.28, 52.128 ], [ 177.34, 52.171 ], [ 177.409, 52.168 ], [ 177.446, 52.135 ], [ 177.415, 52.085 ] ] ], [ [ [ 176.005, 52.409 ], [ 176.063, 52.35 ], [ 175.971, 52.288 ], [ 175.862, 52.289 ], [ 175.763, 52.381 ], [ 175.783, 52.417 ], [ 175.842, 52.44 ], [ 176.005, 52.409 ] ] ], [ [ [ 173.559, 52.547 ], [ 173.778, 52.566 ], [ 173.848, 52.537 ], [ 173.845, 52.489 ], [ 173.78, 52.451 ], [ 173.815, 52.353 ], [ 173.794, 52.325 ], [ 173.747, 52.3 ], [ 173.639, 52.294 ], [ 173.283, 52.374 ], [ 173.275, 52.417 ], [ 173.316, 52.464 ], [ 173.432, 52.509 ], [ 173.481, 52.503 ], [ 173.559, 52.547 ] ] ], [ [ [ 174.114, 52.804 ], [ 174.221, 52.768 ], [ 174.235, 52.695 ], [ 174.162, 52.656 ], [ 174.018, 52.672 ], [ 173.838, 52.716 ], [ 173.773, 52.774 ], [ 173.802, 52.819 ], [ 173.871, 52.835 ], [ 174.05, 52.789 ], [ 174.114, 52.804 ] ] ], [ [ [ 172.764, 53.065 ], [ 172.954, 53.039 ], [ 173.132, 53.044 ], [ 173.322, 52.992 ], [ 173.371, 52.96 ], [ 173.393, 52.907 ], [ 173.474, 52.907 ], [ 173.581, 52.815 ], [ 173.526, 52.775 ], [ 173.403, 52.778 ], [ 173.414, 52.728 ], [ 173.362, 52.696 ], [ 173.209, 52.74 ], [ 173.103, 52.73 ], [ 173.046, 52.749 ], [ 172.901, 52.681 ], [ 172.815, 52.73 ], [ 172.716, 52.732 ], [ 172.348, 52.906 ], [ 172.377, 52.959 ], [ 172.528, 53.023 ], [ 172.764, 53.065 ] ] ] ] } },
{ "type": "Feature", "properties": { "st": "AL", "name": "Alabama", "k": 7, "eD": 2, "eDiss": 0.373, "oD": 2, "oDiss": 0.3696, "voteD": 0.3709, "pop": 5024279 }, "geometry": { "type": "Polygon", "coordinates": [ [ [ -88.087, 30.152 ], [ -88.163, 30.2 ], [ -88.348, 30.19 ], [ -88.385, 30.158 ], [ -88.473, 31.894 ], [ -88.098, 34.893 ], [ -88.153, 34.92 ], [ -88.202, 35.008 ], [ -85.605, 34.985 ], [ -85.184, 32.861 ], [ -85.156, 32.851 ], [ -85.167, 32.812 ], [ -85.122, 32.775 ], [ -85.143, 32.76 ], [ -85.114, 32.735 ], [ -85.117, 32.687 ], [ -85.089, 32.658 ], [ -85.104, 32.641 ], [ -85.007, 32.524 ], [ -84.996, 32.453 ], [ -84.963, 32.424 ], [ -85.007, 32.327 ], [ -84.889, 32.259 ], [ -84.924, 32.25 ], [ -84.928, 32.22 ], [ -84.974, 32.217 ], [ -84.964, 32.195 ], [ -85.062, 32.134 ], [ -85.049, 32.022 ], [ -85.141, 31.858 ], [ -85.126, 31.695 ], [ -85.058, 31.621 ], [ -85.041, 31.541 ], [ -85.092, 31.364 ], [ -85.089, 31.295 ], [ -85.115, 31.277 ], [ -85.107, 31.187 ], [ -85.036, 31.108 ], [ -85.003, 31.001 ], [ -87.599, 30.998 ], [ -87.591, 30.954 ], [ -87.635, 30.866 ], [ -87.529, 30.741 ], [ -87.406, 30.676 ], [ -87.395, 30.614 ], [ -87.45, 30.515 ], [ -87.426, 30.468 ], [ -87.367, 30.434 ], [ -87.429, 30.406 ], [ -87.461, 30.335 ], [ -87.502, 30.328 ], [ -87.501, 30.307 ], [ -87.45, 30.311 ], [ -87.518, 30.284 ], [ -87.518, 30.229 ], [ -88.087, 30.152 ] ] ] } },
{ "type": "Feature", "properties": { "st": "AR", "name": "Arkansas", "k": 4, "eD": 0, "eDiss": 0.365, "oD": 1, "oDiss": 0.3035, "voteD": 0.3579, "pop": 3011524 }, "geometry": { "type": "Polygon", "coordinates": [ [ [ -94.142, 33.581 ], [ -94.217, 33.581 ], [ -94.195, 33.555 ], [ -94.25, 33.557 ], [ -94.242, 33.589 ], [ -94.278, 33.557 ], [ -94.287, 33.583 ], [ -94.309, 33.552 ], [ -94.344, 33.568 ], [ -94.353, 33.544 ], [ -94.382, 33.544 ], [ -94.401, 33.561 ], [ -94.381, 33.581 ], [ -94.412, 33.569 ], [ -94.471, 33.603 ], [ -94.448, 33.642 ], [ -94.487, 33.637 ], [ -94.432, 35.395 ], [ -94.618, 36.5 ], [ -90.152, 36.497 ], [ -90.139, 36.414 ], [ -90.063, 36.384 ], [ -90.082, 36.322 ], [ -90.065, 36.303 ], [ -90.126, 36.229 ], [ -90.22, 36.184 ], [ -90.235, 36.139 ], [ -90.32, 36.089 ], [ -90.378, 35.996 ], [ -89.734, 36.001 ], [ -89.653, 35.92 ], [ -89.643, 35.894 ], [ -89.664, 35.876 ], [ -89.735, 35.909 ], [ -89.769, 35.887 ], [ -89.768, 35.86 ], [ -89.703, 35.835 ], [ -89.717, 35.809 ], [ -89.782, 35.806 ], [ -89.82, 35.757 ], [ -89.911, 35.759 ], [ -89.959, 35.726 ], [ -89.93, 35.66 ], [ -89.852, 35.657 ], [ -89.859, 35.634 ], [ -89.957, 35.588 ], [ -89.911, 35.548 ], [ -89.911, 35.518 ], [ -89.951, 35.521 ], [ -89.989, 35.56 ], [ -90.03, 35.555 ], [ -90.048, 35.504 ], [ -90.003, 35.43 ], [ -90.062, 35.399 ], [ -90.069, 35.467 ], [ -90.102, 35.479 ], [ -90.169, 35.422 ], [ -90.165, 35.374 ], [ -90.136, 35.377 ], [ -90.132, 35.414 ], [ -90.081, 35.386 ], [ -90.11, 35.305 ], [ -90.157, 35.302 ], [ -90.169, 35.279 ], [ -90.077, 35.224 ], [ -90.117, 35.19 ], [ -90.066, 35.14 ], [ -90.169, 35.122 ], [ -90.21, 35.025 ], [ -90.297, 35.039 ], [ -90.308, 34.993 ], [ -90.244, 34.944 ], [ -90.242, 34.919 ], [ -90.317, 34.871 ], [ -90.309, 34.845 ], [ -90.341, 34.86 ], [ -90.437, 34.823 ], [ -90.437, 34.883 ], [ -90.481, 34.881 ], [ -90.453, 34.817 ], [ -90.475, 34.794 ], [ -90.46, 34.733 ], [ -90.526, 34.735 ], [ -90.501, 34.775 ], [ -90.518, 34.803 ], [ -90.542, 34.794 ], [ -90.542, 34.74 ], [ -90.571, 34.711 ], [ -90.463, 34.684 ], [ -90.536, 34.628 ], [ -90.555, 34.645 ], [ -90.541, 34.683 ], [ -90.567, 34.693 ], [ -90.588, 34.616 ], [ -90.541, 34.545 ], [ -90.589, 34.491 ], [ -90.573, 34.418 ], [ -90.659, 34.375 ], [ -90.662, 34.315 ], [ -90.694, 34.323 ], [ -90.676, 34.372 ], [ -90.764, 34.363 ], [ -90.743, 34.304 ], [ -90.828, 34.274 ], [ -90.847, 34.206 ], [ -90.906, 34.245 ], [ -90.935, 34.238 ], [ -90.908, 34.192 ], [ -90.817, 34.183 ], [ -90.807, 34.164 ], [ -90.836, 34.138 ], [ -90.91, 34.165 ], [ -90.954, 34.139 ], [ -90.946, 34.11 ], [ -90.871, 34.08 ], [ -90.893, 34.026 ], [ -90.987, 34.019 ], [ -90.967, 33.965 ], [ -90.998, 33.966 ], [ -91.019, 34.004 ], [ -91.086, 34.006 ], [ -91.086, 33.958 ], [ -91.009, 33.929 ], [ -91.071, 33.867 ], [ -91.068, 33.842 ], [ -90.989, 33.783 ], [ -91.019, 33.764 ], [ -91.133, 33.784 ], [ -91.147, 33.731 ], [ -91.118, 33.705 ], [ -91.06, 33.715 ], [ -91.031, 33.677 ], [ -91.092, 33.658 ], [ -91.162, 33.707 ], [ -91.229, 33.677 ], [ -91.13, 33.604 ], [ -91.23, 33.563 ], [ -91.182, 33.5 ], [ -91.236, 33.439 ], [ -91.177, 33.444 ], [ -91.169, 33.498 ], [ -91.118, 33.453 ], [ -91.208, 33.402 ], [ -91.143, 33.38 ], [ -91.1, 33.407 ], [ -91.086, 33.451 ], [ -91.057, 33.446 ], [ -91.143, 33.349 ], [ -91.141, 33.298 ], [ -91.105, 33.242 ], [ -91.078, 33.283 ], [ -91.044, 33.275 ], [ -91.092, 33.22 ], [ -91.088, 33.143 ], [ -91.184, 33.142 ], [ -91.202, 33.124 ], [ -91.121, 33.058 ], [ -91.166, 33.004 ], [ -94.043, 33.019 ], [ -94.043, 33.552 ], [ -94.073, 33.555 ], [ -94.055, 33.562 ], [ -94.073, 33.585 ], [ -94.128, 33.551 ], [ -94.142, 33.581 ] ] ] } },
{ "type": "Feature", "properties": { "st": "AZ", "name": "Arizona", "k": 9, "eD": 4, "eDiss": 0.1948, "oD": 4, "oDiss": 0.1685, "voteD": 0.5016, "pop": 7151502 }, "geometry": { "type": "MultiPolygon", "coordinates": [ [ [ [ -114.814, 32.495 ], [ -114.792, 32.557 ], [ -114.814, 32.562 ], [ -114.809, 32.62 ], [ -114.765, 32.643 ], [ -114.701, 32.746 ], [ -114.616, 32.728 ], [ -114.612, 32.71 ], [ -114.615, 32.734 ], [ -114.527, 32.757 ], [ -114.53, 32.795 ], [ -114.469, 32.845 ], [ -114.468, 32.972 ], [ -114.493, 32.972 ], [ -114.515, 33.027 ], [ -114.619, 33.027 ], [ -114.646, 33.049 ], [ -114.663, 33.033 ], [ -114.707, 33.088 ], [ -114.673, 33.258 ], [ -114.732, 33.303 ], [ -114.699, 33.352 ], [ -114.725, 33.405 ], [ -114.635, 33.422 ], [ -114.593, 33.499 ], [ -114.524, 33.553 ], [ -114.541, 33.592 ], [ -114.515, 33.66 ], [ -114.531, 33.675 ], [ -114.494, 33.708 ], [ -114.528, 33.815 ], [ -114.53, 33.858 ], [ -114.504, 33.868 ], [ -114.528, 33.948 ], [ -114.44, 34.02 ], [ -114.416, 34.107 ], [ -114.23, 34.187 ], [ -114.164, 34.259 ], [ -114.131, 34.261 ], [ -114.177, 34.349 ], [ -114.335, 34.45 ], [ -114.387, 34.458 ], [ -114.381, 34.529 ], [ -114.436, 34.596 ], [ -114.424, 34.611 ], [ -114.471, 34.711 ], [ -114.553, 34.766 ], [ -114.635, 34.875 ], [ -114.638, 35.027 ], [ -114.603, 35.068 ], [ -114.646, 35.103 ], [ -114.579, 35.129 ], [ -114.57, 35.184 ], [ -114.604, 35.353 ], [ -114.679, 35.498 ], [ -114.653, 35.61 ], [ -114.689, 35.651 ], [ -114.712, 35.807 ], [ -114.704, 35.851 ], [ -114.662, 35.871 ], [ -114.732, 35.944 ], [ -114.743, 36.009 ], [ -114.722, 36.031 ], [ -114.756, 36.086 ], [ -114.631, 36.142 ], [ -114.513, 36.151 ], [ -114.508, 36.128 ], [ -114.446, 36.126 ], [ -114.406, 36.148 ], [ -114.372, 36.143 ], [ -114.309, 36.082 ], [ -114.315, 36.059 ], [ -114.247, 36.017 ], [ -114.148, 36.028 ], [ -114.123, 36.111 ], [ -114.046, 36.194 ], [ -114.049, 36.598 ], [ -114.048, 36.598 ], [ -114.05, 37.0 ], [ -109.045, 36.999 ], [ -109.045, 36.598 ], [ -109.05, 31.333 ], [ -110.459, 31.333 ], [ -110.459, 31.375 ], [ -110.461, 31.333 ], [ -111.075, 31.333 ], [ -114.814, 32.495 ] ] ] ] } },
{ "type": "Feature", "properties": { "st": "CA", "name": "California", "k": 52, "eD": 45, "eDiss": 0.1864, "oD": 44, "oDiss": 0.1651, "voteD": 0.6491, "pop": 39538223 }, "geometry": { "type": "MultiPolygon", "coordinates": [ [ [ [ -121.903, 36.394 ], [ -121.955, 36.523 ], [ -121.928, 36.523 ], [ -121.929, 36.548 ], [ -121.978, 36.581 ], [ -121.962, 36.598 ], [ -121.936, 36.638 ], [ -121.889, 36.601 ], [ -121.842, 36.63 ], [ -121.789, 36.804 ], [ -121.881, 36.951 ], [ -121.939, 36.978 ], [ -121.973, 36.954 ], [ -122.065, 36.948 ], [ -122.153, 36.976 ], [ -122.406, 37.196 ], [ -122.401, 37.36 ], [ -122.456, 37.489 ], [ -122.485, 37.479 ], [ -122.52, 37.534 ], [ -122.491, 37.663 ], [ -122.514, 37.782 ], [ -122.478, 37.811 ], [ -122.4, 37.808 ], [ -122.388, 37.747 ], [ -122.357, 37.728 ], [ -122.36, 37.709 ], [ -122.395, 37.709 ], [ -122.281, 37.708 ], [ -122.117, 37.507 ], [ -122.168, 37.668 ], [ -122.256, 37.721 ], [ -122.26, 37.752 ], [ -122.322, 37.771 ], [ -122.346, 37.811 ], [ -122.309, 37.846 ], [ -122.334, 37.892 ], [ -122.289, 37.898 ], [ -122.367, 37.925 ], [ -122.352, 37.894 ], [ -122.378, 37.902 ], [ -122.436, 37.963 ], [ -122.381, 37.952 ], [ -122.401, 37.968 ], [ -122.364, 37.981 ], [ -122.366, 38.013 ], [ -122.3, 38.01 ], [ -122.243, 38.058 ], [ -122.143, 38.022 ], [ -122.07, 38.053 ], [ -121.881, 38.036 ], [ -121.855, 38.061 ], [ -121.834, 38.024 ], [ -121.779, 38.015 ], [ -121.734, 38.02 ], [ -121.694, 38.043 ], [ -121.678, 38.057 ], [ -121.669, 38.092 ], [ -121.646, 38.084 ], [ -121.579, 38.092 ], [ -121.582, 38.063 ], [ -121.565, 38.1 ], [ -121.671, 38.095 ], [ -121.698, 38.045 ], [ -121.778, 38.019 ], [ -121.819, 38.023 ], [ -121.861, 38.07 ], [ -121.914, 38.045 ], [ -122.048, 38.065 ], [ -122.149, 38.032 ], [ -122.211, 38.06 ], [ -122.352, 38.07 ], [ -122.441, 37.975 ], [ -122.419, 37.853 ], [ -122.528, 37.815 ], [ -122.651, 37.901 ], [ -122.727, 37.903 ], [ -122.859, 38.018 ], [ -122.947, 38.031 ], [ -122.982, 38.009 ], [ -122.964, 37.99 ], [ -123.024, 37.995 ], [ -122.949, 38.154 ], [ -122.996, 38.239 ], [ -122.978, 38.23 ], [ -122.967, 38.25 ], [ -122.995, 38.304 ], [ -123.054, 38.306 ], [ -123.033, 38.315 ], [ -123.058, 38.336 ], [ -123.061, 38.301 ], [ -123.069, 38.362 ], [ -123.129, 38.451 ], [ -123.334, 38.565 ], [ -123.456, 38.713 ], [ -123.728, 38.92 ], [ -123.742, 38.956 ], [ -123.69, 39.035 ], [ -123.75, 39.172 ], [ -123.75, 39.198 ], [ -123.772, 39.195 ], [ -123.793, 39.302 ], [ -123.828, 39.349 ], [ -123.806, 39.49 ], [ -123.764, 39.55 ], [ -123.85, 39.831 ], [ -123.904, 39.859 ], [ -124.018, 39.996 ], [ -123.981, 40.001 ], [ -124.073, 40.022 ], [ -124.11, 40.103 ], [ -124.364, 40.261 ], [ -124.349, 40.319 ], [ -124.409, 40.443 ], [ -124.33, 40.615 ], [ -124.162, 40.869 ], [ -124.111, 41.028 ], [ -124.154, 41.055 ], [ -124.165, 41.13 ], [ -124.107, 41.228 ], [ -124.064, 41.464 ], [ -124.148, 41.718 ], [ -124.254, 41.77 ], [ -124.203, 41.936 ], [ -124.203, 41.925 ], [ -124.198, 41.918 ], [ -124.211, 41.998 ], [ -123.75, 41.996 ], [ -123.518, 42.0 ], [ -123.541, 41.986 ], [ -123.554, 41.915 ], [ -123.607, 41.881 ], [ -123.643, 41.89 ], [ -123.672, 41.835 ], [ -123.703, 41.83 ], [ -123.672, 41.796 ], [ -123.688, 41.781 ], [ -123.661, 41.715 ], [ -123.69, 41.669 ], [ -123.68, 41.634 ], [ -123.72, 41.596 ], [ -123.683, 41.595 ], [ -123.694, 41.552 ], [ -123.648, 41.535 ], [ -123.613, 41.449 ], [ -123.661, 41.382 ], [ -123.75, 41.381 ], [ -123.489, 41.378 ], [ -123.444, 41.273 ], [ -123.456, 41.238 ], [ -123.411, 41.171 ], [ -123.295, 41.14 ], [ -123.245, 41.078 ], [ -123.11, 41.075 ], [ -123.055, 41.046 ], [ -123.037, 41.004 ], [ -122.981, 41.014 ], [ -122.941, 40.992 ], [ -122.897, 41.03 ], [ -122.923, 41.072 ], [ -122.971, 41.091 ], [ -122.962, 41.182 ], [ -122.802, 41.203 ], [ -122.713, 41.275 ], [ -122.653, 41.289 ], [ -122.646, 41.325 ], [ -122.588, 41.327 ], [ -122.573, 41.369 ], [ -122.48, 41.32 ], [ -122.503, 41.31 ], [ -122.522, 41.214 ], [ -122.455, 41.167 ], [ -122.447, 41.133 ], [ -122.458, 41.097 ], [ -122.54, 41.073 ], [ -122.528, 41.014 ], [ -122.59, 40.98 ], [ -119.999, 40.98 ], [ -120.001, 38.999 ], [ -118.298, 37.811 ], [ -116.68, 36.598 ], [ -114.631, 35.001 ], [ -114.635, 34.875 ], [ -114.548, 34.762 ], [ -114.472, 34.712 ], [ -114.446, 34.666 ], [ -114.462, 34.659 ], [ -114.421, 34.611 ], [ -114.432, 34.594 ], [ -114.395, 34.564 ], [ -114.37, 34.443 ], [ -114.294, 34.423 ], [ -114.134, 34.303 ], [ -114.13, 34.257 ], [ -114.162, 34.257 ], [ -114.228, 34.187 ], [ -114.425, 34.098 ], [ -114.438, 34.023 ], [ -114.523, 33.955 ], [ -114.535, 33.925 ], [ -114.504, 33.868 ], [ -114.53, 33.857 ], [ -114.528, 33.815 ], [ -114.494, 33.709 ], [ -114.532, 33.672 ], [ -114.515, 33.66 ], [ -114.541, 33.591 ], [ -114.524, 33.553 ], [ -114.592, 33.499 ], [ -114.644, 33.417 ], [ -114.725, 33.405 ], [ -114.699, 33.352 ], [ -114.732, 33.303 ], [ -114.673, 33.258 ], [ -114.707, 33.088 ], [ -114.666, 33.034 ], [ -114.646, 33.049 ], [ -114.619, 33.027 ], [ -114.512, 33.024 ], [ -114.493, 32.972 ], [ -114.468, 32.971 ], [ -114.469, 32.845 ], [ -114.53, 32.795 ], [ -114.527, 32.757 ], [ -114.618, 32.728 ], [ -114.701, 32.746 ], [ -114.721, 32.719 ], [ -117.125, 32.534 ], [ -117.169, 32.671 ], [ -117.194, 32.686 ], [ -117.246, 32.667 ], [ -117.254, 32.787 ], [ -117.282, 32.84 ], [ -117.252, 32.875 ], [ -117.263, 32.94 ], [ -117.342, 33.142 ], [ -117.495, 33.322 ], [ -117.646, 33.441 ], [ -117.716, 33.46 ], [ -117.784, 33.541 ], [ -117.931, 33.605 ], [ -118.12, 33.737 ], [ -118.092, 33.759 ], [ -118.125, 33.736 ], [ -118.125, 33.811 ], [ -118.184, 33.819 ], [ -118.192, 33.789 ], [ -118.221, 33.804 ], [ -118.25, 33.755 ], [ -118.232, 33.715 ], [ -118.266, 33.704 ], [ -118.412, 33.741 ], [ -118.428, 33.773 ], [ -118.394, 33.804 ], [ -118.391, 33.843 ], [ -118.452, 33.957 ], [ -118.518, 34.025 ], [ -118.669, 34.039 ], [ -118.808, 34.0 ], [ -118.853, 34.034 ], [ -119.123, 34.098 ], [ -119.215, 34.146 ], [ -119.287, 34.273 ], [ -119.563, 34.415 ], [ -119.724, 34.396 ], [ -119.796, 34.418 ], [ -119.879, 34.407 ], [ -120.006, 34.46 ], [ -120.137, 34.474 ], [ -120.453, 34.442 ], [ -120.519, 34.528 ], [ -120.641, 34.564 ], [ -120.601, 34.703 ], [ -120.638, 34.756 ], [ -120.611, 34.858 ], [ -120.671, 34.903 ], [ -120.635, 35.019 ], [ -120.641, 35.136 ], [ -120.705, 35.174 ], [ -120.771, 35.163 ], [ -120.873, 35.222 ], [ -120.899, 35.256 ], [ -120.862, 35.351 ], [ -120.887, 35.435 ], [ -121.003, 35.461 ], [ -121.168, 35.637 ], [ -121.288, 35.665 ], [ -121.332, 35.782 ], [ -121.465, 35.889 ], [ -121.502, 35.999 ], [ -121.573, 36.024 ], [ -121.634, 36.121 ], [ -121.718, 36.196 ], [ -121.9, 36.303 ], [ -121.903, 36.394 ] ], [ [ -124.196, 41.915 ], [ -124.161, 41.909 ], [ -124.198, 41.918 ], [ -124.196, 41.915 ] ] ], [ [ [ -119.439, 33.22 ], [ -119.513, 33.223 ], [ -119.579, 33.278 ], [ -119.527, 33.283 ], [ -119.439, 33.22 ] ] ], [ [ [ -119.968, 33.942 ], [ -120.12, 33.894 ], [ -120.251, 34.001 ], [ -120.06, 34.037 ], [ -120.037, 33.992 ], [ -119.979, 33.983 ], [ -119.968, 33.942 ] ] ], [ [ [ -119.758, 34.059 ], [ -119.664, 34.016 ], [ -119.616, 34.019 ], [ -119.585, 34.054 ], [ -119.52, 34.034 ], [ -119.56, 33.996 ], [ -119.818, 33.959 ], [ -119.875, 33.98 ], [ -119.877, 34.032 ], [ -119.931, 34.059 ], [ -119.92, 34.078 ], [ -119.758, 34.059 ] ] ], [ [ [ -120.311, 34.02 ], [ -120.453, 34.03 ], [ -120.37, 34.074 ], [ -120.311, 34.02 ] ] ], [ [ [ -118.607, 33.032 ], [ -118.569, 33.029 ], [ -118.492, 32.929 ], [ -118.349, 32.821 ], [ -118.427, 32.801 ], [ -118.5, 32.852 ], [ -118.607, 33.032 ] ] ], [ [ [ -118.457, 33.322 ], [ -118.489, 33.357 ], [ -118.474, 33.383 ], [ -118.501, 33.436 ], [ -118.563, 33.434 ], [ -118.606, 33.478 ], [ -118.538, 33.477 ], [ -118.499, 33.442 ], [ -118.372, 33.411 ], [ -118.304, 33.32 ], [ -118.326, 33.3 ], [ -118.457, 33.322 ] ] ] ] } },
{ "type": "Feature", "properties": { "st": "CO", "name": "Colorado", "k": 8, "eD": 5, "eDiss": 0.2119, "oD": 5, "oDiss": 0.201, "voteD": 0.5694, "pop": 5773714 }, "geometry": { "type": "Polygon", "coordinates": [ [ [ -102.042, 36.993 ], [ -109.045, 36.999 ], [ -109.05, 41.001 ], [ -102.052, 41.003 ], [ -102.042, 36.993 ] ] ] } },
{ "type": "Feature", "properties": { "st": "CT", "name": "Connecticut", "k": 5, "eD": 5, "eDiss": 0.2177, "oD": 4, "oDiss": 0.1842, "voteD": 0.602, "pop": 3605944 }, "geometry": { "type": "Polygon", "coordinates": [ [ [ -73.613, 40.951 ], [ -73.728, 41.101 ], [ -73.482, 41.213 ], [ -73.551, 41.295 ], [ -73.488, 42.049 ], [ -72.813, 42.037 ], [ -72.817, 41.997 ], [ -72.767, 42.003 ], [ -72.756, 42.036 ], [ -71.801, 42.024 ], [ -71.798, 41.417 ], [ -71.842, 41.41 ], [ -71.83, 41.343 ], [ -71.857, 41.321 ], [ -71.892, 41.33 ], [ -71.907, 41.305 ], [ -72.081, 41.262 ], [ -73.613, 40.951 ] ] ] } },
{ "type": "Feature", "properties": { "st": "DE", "name": "Delaware", "k": 1, "eD": 1, "eDiss": 0.282, "oD": 1, "oDiss": 0.282, "voteD": 0.5963, "pop": 989948 }, "geometry": { "type": "Polygon", "coordinates": [ [ [ -75.693, 38.46 ], [ -75.789, 39.722 ], [ -75.688, 39.811 ], [ -75.523, 39.837 ], [ -75.406, 39.796 ], [ -75.462, 39.763 ], [ -75.476, 39.717 ], [ -75.56, 39.63 ], [ -75.512, 39.568 ], [ -75.561, 39.455 ], [ -75.321, 39.251 ], [ -75.168, 39.057 ], [ -75.016, 38.79 ], [ -74.986, 38.451 ], [ -75.693, 38.46 ] ] ] } },
{ "type": "Feature", "properties": { "st": "FL", "name": "Florida", "k": 28, "eD": 8, "eDiss": 0.2148, "oD": 12, "oDiss": 0.1991, "voteD": 0.4831, "pop": 21538187 }, "geometry": { "type": "MultiPolygon", "coordinates": [ [ [ [ -82.849, 27.878 ], [ -82.77, 28.084 ], [ -82.801, 28.17 ], [ -82.748, 28.225 ], [ -82.764, 28.232 ], [ -82.763, 28.243 ], [ -82.734, 28.241 ], [ -82.759, 28.255 ], [ -82.726, 28.269 ], [ -82.744, 28.279 ], [ -82.719, 28.291 ], [ -82.733, 28.32 ], [ -82.704, 28.338 ], [ -82.717, 28.361 ], [ -82.691, 28.368 ], [ -82.708, 28.395 ], [ -82.671, 28.408 ], [ -82.676, 28.434 ], [ -82.643, 28.434 ], [ -82.671, 28.435 ], [ -82.684, 28.465 ], [ -82.645, 28.545 ], [ -82.643, 28.593 ], [ -82.665, 28.604 ], [ -82.634, 28.694 ], [ -82.661, 28.736 ], [ -82.631, 28.757 ], [ -82.636, 28.833 ], [ -82.654, 28.83 ], [ -82.624, 28.894 ], [ -82.661, 28.91 ], [ -82.664, 28.901 ], [ -82.678, 28.911 ], [ -82.689, 28.906 ], [ -82.695, 28.911 ], [ -82.683, 28.93 ], [ -82.724, 28.956 ], [ -82.724, 28.997 ], [ -82.761, 29.001 ], [ -82.737, 29.024 ], [ -82.759, 29.035 ], [ -82.752, 29.063 ], [ -82.816, 29.08 ], [ -82.785, 29.096 ], [ -82.804, 29.167 ], [ -82.958, 29.169 ], [ -82.965, 29.186 ], [ -83.0, 29.164 ], [ -83.068, 29.187 ], [ -83.068, 29.25 ], [ -83.165, 29.295 ], [ -83.149, 29.328 ], [ -83.183, 29.349 ], [ -83.22, 29.429 ], [ -83.29, 29.438 ], [ -83.311, 29.475 ], [ -83.396, 29.519 ], [ -83.396, 29.672 ], [ -83.459, 29.677 ], [ -83.492, 29.72 ], [ -83.585, 29.76 ], [ -83.566, 29.77 ], [ -83.638, 29.887 ], [ -83.746, 29.972 ], [ -83.775, 29.968 ], [ -83.778, 29.995 ], [ -83.787, 29.976 ], [ -83.834, 29.987 ], [ -83.849, 30.017 ], [ -83.912, 30.029 ], [ -83.909, 30.055 ], [ -83.929, 30.038 ], [ -83.989, 30.077 ], [ -83.979, 30.093 ], [ -83.996, 30.082 ], [ -84.0, 30.108 ], [ -84.136, 30.094 ], [ -84.169, 30.071 ], [ -84.174, 30.095 ], [ -84.239, 30.086 ], [ -84.258, 30.106 ], [ -84.277, 30.061 ], [ -84.327, 30.082 ], [ -84.365, 30.063 ], [ -84.363, 30.017 ], [ -84.386, 30.039 ], [ -84.38, 30.019 ], [ -84.393, 29.998 ], [ -84.39, 29.992 ], [ -84.368, 30.011 ], [ -84.342, 29.97 ], [ -84.438, 29.988 ], [ -84.44, 29.96 ], [ -84.375, 29.955 ], [ -84.375, 29.913 ], [ -84.444, 29.929 ], [ -84.533, 29.911 ], [ -84.889, 29.723 ], [ -84.916, 29.733 ], [ -84.853, 29.798 ], [ -84.85, 29.822 ], [ -84.872, 29.798 ], [ -84.904, 29.812 ], [ -84.886, 29.785 ], [ -84.938, 29.795 ], [ -84.917, 29.774 ], [ -84.946, 29.745 ], [ -84.979, 29.758 ], [ -84.964, 29.741 ], [ -84.99, 29.746 ], [ -84.972, 29.736 ], [ -84.993, 29.715 ], [ -85.117, 29.717 ], [ -85.262, 29.686 ], [ -85.232, 29.677 ], [ -85.325, 29.68 ], [ -85.345, 29.655 ], [ -85.376, 29.69 ], [ -85.404, 29.758 ], [ -85.417, 29.829 ], [ -85.409, 29.862 ], [ -85.39, 29.874 ], [ -85.405, 29.767 ], [ -85.364, 29.68 ], [ -85.31, 29.689 ], [ -85.301, 29.799 ], [ -85.358, 29.892 ], [ -85.424, 29.949 ], [ -85.494, 29.963 ], [ -85.515, 29.978 ], [ -85.529, 29.993 ], [ -85.53, 29.999 ], [ -85.482, 29.963 ], [ -85.456, 29.964 ], [ -85.578, 30.051 ], [ -85.537, 30.004 ], [ -85.6, 30.052 ], [ -85.696, 30.098 ], [ -85.729, 30.119 ], [ -85.719, 30.124 ], [ -85.696, 30.099 ], [ -85.648, 30.082 ], [ -85.611, 30.06 ], [ -85.6, 30.057 ], [ -85.686, 30.125 ], [ -85.67, 30.142 ], [ -85.671, 30.124 ], [ -85.622, 30.126 ], [ -85.622, 30.09 ], [ -85.535, 30.08 ], [ -85.545, 30.062 ], [ -85.474, 30.005 ], [ -85.416, 30.027 ], [ -85.439, 30.023 ], [ -85.427, 30.045 ], [ -85.39, 30.025 ], [ -85.393, 30.052 ], [ -85.437, 30.058 ], [ -85.428, 30.081 ], [ -85.456, 30.029 ], [ -85.48, 30.031 ], [ -85.487, 30.09 ], [ -85.524, 30.094 ], [ -85.518, 30.134 ], [ -85.604, 30.105 ], [ -85.592, 30.125 ], [ -85.637, 30.157 ], [ -85.637, 30.137 ], [ -85.648, 30.136 ], [ -85.733, 30.176 ], [ -85.671, 30.232 ], [ -85.68, 30.25 ], [ -85.6, 30.26 ], [ -85.583, 30.317 ], [ -85.603, 30.273 ], [ -85.621, 30.285 ], [ -85.647, 30.263 ], [ -85.651, 30.283 ], [ -85.721, 30.234 ], [ -85.762, 30.311 ], [ -85.777, 30.286 ], [ -85.851, 30.285 ], [ -85.849, 30.231 ], [ -85.818, 30.221 ], [ -85.787, 30.246 ], [ -85.741, 30.216 ], [ -85.759, 30.172 ], [ -85.71, 30.148 ], [ -85.748, 30.148 ], [ -85.721, 30.131 ], [ -85.733, 30.121 ], [ -85.995, 30.271 ], [ -86.281, 30.36 ], [ -86.516, 30.397 ], [ -86.487, 30.418 ], [ -86.329, 30.382 ], [ -86.313, 30.423 ], [ -86.243, 30.386 ], [ -86.269, 30.416 ], [ -86.248, 30.429 ], [ -86.109, 30.372 ], [ -86.112, 30.413 ], [ -86.138, 30.421 ], [ -86.122, 30.43 ], [ -86.163, 30.412 ], [ -86.16, 30.456 ], [ -86.212, 30.481 ], [ -86.421, 30.451 ], [ -86.449, 30.498 ], [ -86.418, 30.507 ], [ -86.453, 30.513 ], [ -86.468, 30.484 ], [ -86.499, 30.523 ], [ -86.486, 30.505 ], [ -86.506, 30.502 ], [ -86.479, 30.483 ], [ -86.493, 30.462 ], [ -86.586, 30.433 ], [ -86.576, 30.459 ], [ -86.594, 30.45 ], [ -86.586, 30.476 ], [ -86.594, 30.477 ], [ -86.612, 30.466 ], [ -86.601, 30.427 ], [ -86.618, 30.437 ], [ -86.64, 30.432 ], [ -86.613, 30.424 ], [ -86.591, 30.427 ], [ -86.59, 30.405 ], [ -86.799, 30.41 ], [ -86.862, 30.4 ], [ -86.8, 30.387 ], [ -86.918, 30.371 ], [ -86.863, 30.4 ], [ -86.955, 30.395 ], [ -87.183, 30.342 ], [ -87.204, 30.361 ], [ -87.016, 30.404 ], [ -86.936, 30.455 ], [ -86.913, 30.438 ], [ -86.898, 30.44 ], [ -86.888, 30.437 ], [ -86.866, 30.438 ], [ -87.023, 30.505 ], [ -86.991, 30.522 ], [ -87.002, 30.549 ], [ -86.983, 30.572 ], [ -87.009, 30.587 ], [ -87.068, 30.447 ], [ -87.102, 30.447 ], [ -87.098, 30.516 ], [ -87.15, 30.575 ], [ -87.19, 30.585 ], [ -87.17, 30.543 ], [ -87.196, 30.549 ], [ -87.149, 30.49 ], [ -87.175, 30.429 ], [ -87.271, 30.373 ], [ -87.284, 30.385 ], [ -87.348, 30.362 ], [ -87.266, 30.373 ], [ -87.266, 30.344 ], [ -87.402, 30.308 ], [ -87.499, 30.315 ], [ -87.414, 30.346 ], [ -87.443, 30.366 ], [ -87.426, 30.402 ], [ -87.34, 30.43 ], [ -87.367, 30.458 ], [ -87.415, 30.459 ], [ -87.45, 30.515 ], [ -87.395, 30.614 ], [ -87.406, 30.676 ], [ -87.529, 30.741 ], [ -87.627, 30.848 ], [ -87.589, 30.961 ], [ -87.599, 30.998 ], [ -85.001, 31.001 ], [ -84.983, 30.935 ], [ -84.934, 30.883 ], [ -84.915, 30.754 ], [ -84.858, 30.698 ], [ -84.933, 30.606 ], [ -84.905, 30.621 ], [ -84.857, 30.696 ], [ -84.857, 30.711 ], [ -82.215, 30.568 ], [ -82.241, 30.537 ], [ -82.201, 30.485 ], [ -82.2, 30.389 ], [ -82.161, 30.357 ], [ -82.038, 30.372 ], [ -82.006, 30.578 ], [ -82.049, 30.656 ], [ -82.046, 30.728 ], [ -82.012, 30.763 ], [ -82.023, 30.788 ], [ -81.977, 30.776 ], [ -81.95, 30.828 ], [ -81.902, 30.83 ], [ -81.869, 30.793 ], [ -81.793, 30.787 ], [ -81.782, 30.762 ], [ -81.76, 30.775 ], [ -81.72, 30.744 ], [ -81.661, 30.754 ], [ -81.609, 30.716 ], [ -81.488, 30.726 ], [ -81.427, 30.701 ], [ -81.446, 30.501 ], [ -81.411, 30.483 ], [ -81.42, 30.419 ], [ -81.391, 30.398 ], [ -81.387, 30.277 ], [ -81.254, 29.773 ], [ -80.945, 29.111 ], [ -80.578, 28.589 ], [ -80.524, 28.459 ], [ -80.576, 28.425 ], [ -80.605, 28.358 ], [ -80.567, 28.096 ], [ -80.383, 27.739 ], [ -80.262, 27.396 ], [ -80.094, 27.02 ], [ -80.031, 26.8 ], [ -80.048, 26.77 ], [ -80.031, 26.773 ], [ -80.041, 26.546 ], [ -80.118, 25.975 ], [ -80.166, 25.974 ], [ -80.123, 25.974 ], [ -80.127, 25.919 ], [ -80.171, 25.868 ], [ -80.185, 25.797 ], [ -80.206, 25.795 ], [ -80.185, 25.788 ], [ -80.189, 25.758 ], [ -80.239, 25.727 ], [ -80.272, 25.639 ], [ -80.306, 25.616 ], [ -80.303, 25.57 ], [ -80.34, 25.499 ], [ -80.317, 25.44 ], [ -80.329, 25.399 ], [ -80.306, 25.386 ], [ -80.343, 25.323 ], [ -80.381, 25.313 ], [ -80.372, 25.288 ], [ -80.405, 25.287 ], [ -80.397, 25.247 ], [ -80.401, 25.238 ], [ -80.405, 25.271 ], [ -80.425, 25.268 ], [ -80.417, 25.199 ], [ -80.353, 25.204 ], [ -80.332, 25.266 ], [ -80.366, 25.284 ], [ -80.331, 25.283 ], [ -80.289, 25.324 ], [ -80.257, 25.333 ], [ -80.368, 25.17 ], [ -80.358, 25.153 ], [ -80.567, 24.956 ], [ -80.583, 24.95 ], [ -80.593, 24.964 ], [ -80.559, 24.971 ], [ -80.546, 25.015 ], [ -80.52, 25.01 ], [ -80.467, 25.092 ], [ -80.431, 25.107 ], [ -80.445, 25.152 ], [ -80.461, 25.133 ], [ -80.442, 25.194 ], [ -80.519, 25.222 ], [ -80.535, 25.199 ], [ -80.561, 25.212 ], [ -80.565, 25.193 ], [ -80.576, 25.212 ], [ -80.609, 25.184 ], [ -80.605, 25.202 ], [ -80.652, 25.193 ], [ -80.663, 25.175 ], [ -80.638, 25.179 ], [ -80.634, 25.176 ], [ -80.674, 25.139 ], [ -80.653, 25.163 ], [ -80.671, 25.175 ], [ -80.707, 25.14 ], [ -80.732, 25.168 ], [ -80.747, 25.159 ], [ -80.722, 25.145 ], [ -80.766, 25.163 ], [ -80.778, 25.138 ], [ -80.782, 25.165 ], [ -80.8, 25.143 ], [ -80.81, 25.184 ], [ -80.826, 25.16 ], [ -80.85, 25.178 ], [ -80.896, 25.165 ], [ -80.901, 25.139 ], [ -81.09, 25.117 ], [ -81.142, 25.158 ], [ -81.172, 25.222 ], [ -81.145, 25.327 ], [ -81.119, 25.329 ], [ -81.021, 25.219 ], [ -80.962, 25.202 ], [ -80.901, 25.248 ], [ -80.95, 25.283 ], [ -80.935, 25.311 ], [ -80.954, 25.294 ], [ -80.988, 25.348 ], [ -81.021, 25.328 ], [ -81.086, 25.351 ], [ -81.109, 25.374 ], [ -81.091, 25.379 ], [ -81.151, 25.387 ], [ -81.137, 25.406 ], [ -81.168, 25.454 ], [ -81.159, 25.474 ], [ -81.21, 25.507 ], [ -81.188, 25.555 ], [ -81.233, 25.568 ], [ -81.247, 25.632 ], [ -81.286, 25.679 ], [ -81.277, 25.702 ], [ -81.346, 25.722 ], [ -81.351, 25.776 ], [ -81.354, 25.758 ], [ -81.377, 25.767 ], [ -81.337, 25.785 ], [ -81.351, 25.821 ], [ -81.362, 25.81 ], [ -81.394, 25.854 ], [ -81.479, 25.891 ], [ -81.513, 25.868 ], [ -81.521, 25.874 ], [ -81.517, 25.875 ], [ -81.52, 25.884 ], [ -81.524, 25.888 ], [ -81.525, 25.883 ], [ -81.519, 25.867 ], [ -81.524, 25.853 ], [ -81.528, 25.851 ], [ -81.536, 25.886 ], [ -81.527, 25.895 ], [ -81.506, 25.889 ], [ -81.521, 25.915 ], [ -81.543, 25.898 ], [ -81.541, 25.916 ], [ -81.558, 25.92 ], [ -81.545, 25.901 ], [ -81.565, 25.886 ], [ -81.609, 25.895 ], [ -81.612, 25.916 ], [ -81.579, 25.902 ], [ -81.576, 25.925 ], [ -81.615, 25.932 ], [ -81.631, 25.895 ], [ -81.634, 25.938 ], [ -81.7, 25.961 ], [ -81.665, 25.956 ], [ -81.663, 25.98 ], [ -81.74, 25.975 ], [ -81.715, 25.993 ], [ -81.766, 26.051 ], [ -81.767, 26.021 ], [ -81.803, 26.091 ], [ -81.785, 26.08 ], [ -81.784, 26.122 ], [ -81.789, 26.141 ], [ -81.8, 26.094 ], [ -81.819, 26.293 ], [ -81.863, 26.365 ], [ -81.845, 26.338 ], [ -81.84, 26.335 ], [ -81.826, 26.338 ], [ -81.859, 26.46 ], [ -81.884, 26.487 ], [ -81.873, 26.447 ], [ -81.9, 26.44 ], [ -81.913, 26.469 ], [ -81.921, 26.442 ], [ -81.944, 26.479 ], [ -82.012, 26.484 ], [ -81.99, 26.49 ], [ -82.01, 26.521 ], [ -81.924, 26.536 ], [ -81.882, 26.638 ], [ -81.774, 26.7 ], [ -81.764, 26.715 ], [ -81.715, 26.719 ], [ -81.714, 26.725 ], [ -81.665, 26.716 ], [ -81.642, 26.72 ], [ -81.608, 26.71 ], [ -81.579, 26.719 ], [ -81.562, 26.423 ], [ -81.567, 26.722 ], [ -81.751, 26.728 ], [ -81.767, 26.716 ], [ -81.775, 26.704 ], [ -81.808, 26.71 ], [ -81.917, 26.633 ], [ -81.947, 26.541 ], [ -82.032, 26.527 ], [ -82.058, 26.549 ], [ -82.045, 26.6 ], [ -82.087, 26.683 ], [ -82.064, 26.795 ], [ -82.04, 26.8 ], [ -82.045, 26.847 ], [ -82.097, 26.915 ], [ -82.005, 26.951 ], [ -81.979, 26.977 ], [ -82.062, 26.951 ], [ -82.128, 26.969 ], [ -82.115, 26.95 ], [ -82.134, 26.933 ], [ -82.231, 26.972 ], [ -82.227, 26.986 ], [ -82.237, 27.0 ], [ -82.253, 27.01 ], [ -82.246, 26.966 ], [ -82.183, 26.937 ], [ -82.157, 26.857 ], [ -82.148, 26.79 ], [ -82.171, 26.79 ], [ -82.154, 26.819 ], [ -82.164, 26.838 ], [ -82.193, 26.8 ], [ -82.27, 26.828 ], [ -82.44, 27.053 ], [ -82.349, 26.905 ], [ -82.446, 27.059 ], [ -82.509, 27.242 ], [ -82.543, 27.272 ], [ -82.509, 27.208 ], [ -82.57, 27.279 ], [ -82.558, 27.305 ], [ -82.543, 27.273 ], [ -82.539, 27.323 ], [ -82.575, 27.414 ], [ -82.693, 27.474 ], [ -82.641, 27.474 ], [ -82.642, 27.503 ], [ -82.686, 27.485 ], [ -82.686, 27.511 ], [ -82.667, 27.5 ], [ -82.68, 27.516 ], [ -82.573, 27.548 ], [ -82.569, 27.568 ], [ -82.603, 27.556 ], [ -82.586, 27.575 ], [ -82.603, 27.575 ], [ -82.62, 27.587 ], [ -82.547, 27.603 ], [ -82.57, 27.609 ], [ -82.562, 27.639 ], [ -82.533, 27.677 ], [ -82.513, 27.669 ], [ -82.496, 27.681 ], [ -82.524, 27.688 ], [ -82.47, 27.727 ], [ -82.469, 27.733 ], [ -82.477, 27.735 ], [ -82.481, 27.743 ], [ -82.413, 27.77 ], [ -82.436, 27.777 ], [ -82.384, 27.82 ], [ -82.395, 27.765 ], [ -82.385, 27.78 ], [ -82.381, 27.848 ], [ -82.384, 27.86 ], [ -82.403, 27.852 ], [ -82.403, 27.895 ], [ -82.435, 27.896 ], [ -82.407, 27.903 ], [ -82.429, 27.906 ], [ -82.428, 27.931 ], [ -82.386, 27.95 ], [ -82.43, 27.946 ], [ -82.435, 27.907 ], [ -82.443, 27.954 ], [ -82.489, 27.919 ], [ -82.472, 27.821 ], [ -82.533, 27.831 ], [ -82.555, 27.851 ], [ -82.525, 27.926 ], [ -82.566, 27.935 ], [ -82.536, 27.951 ], [ -82.621, 27.992 ], [ -82.621, 28.013 ], [ -82.664, 27.999 ], [ -82.667, 28.031 ], [ -82.697, 28.037 ], [ -82.675, 28.005 ], [ -82.704, 27.967 ], [ -82.679, 27.963 ], [ -82.719, 27.958 ], [ -82.726, 27.936 ], [ -82.612, 27.872 ], [ -82.583, 27.879 ], [ -82.614, 27.871 ], [ -82.624, 27.861 ], [ -82.597, 27.865 ], [ -82.597, 27.827 ], [ -82.612, 27.855 ], [ -82.627, 27.852 ], [ -82.594, 27.823 ], [ -82.628, 27.804 ], [ -82.61, 27.79 ], [ -82.632, 27.797 ], [ -82.634, 27.711 ], [ -82.679, 27.694 ], [ -82.689, 27.742 ], [ -82.742, 27.752 ], [ -82.755, 27.834 ], [ -82.782, 27.839 ], [ -82.771, 27.799 ], [ -82.841, 27.849 ], [ -82.849, 27.878 ] ] ], [ [ [ -85.067, 29.673 ], [ -85.122, 29.628 ], [ -85.222, 29.679 ], [ -85.103, 29.669 ], [ -85.15, 29.677 ], [ -85.121, 29.688 ], [ -85.067, 29.673 ] ] ], [ [ [ -82.182, 26.682 ], [ -82.124, 26.699 ], [ -82.106, 26.67 ], [ -82.116, 26.649 ], [ -82.11, 26.647 ], [ -82.113, 26.628 ], [ -82.108, 26.618 ], [ -82.109, 26.644 ], [ -82.066, 26.616 ], [ -82.073, 26.581 ], [ -82.097, 26.59 ], [ -82.062, 26.494 ], [ -82.109, 26.515 ], [ -82.132, 26.633 ], [ -82.161, 26.683 ], [ -82.182, 26.682 ] ] ], [ [ [ -81.568, 24.625 ], [ -81.55, 24.628 ], [ -81.584, 24.651 ], [ -81.578, 24.674 ], [ -81.569, 24.647 ], [ -81.517, 24.628 ], [ -81.523, 24.653 ], [ -81.545, 24.648 ], [ -81.535, 24.667 ], [ -81.567, 24.673 ], [ -81.557, 24.693 ], [ -81.519, 24.662 ], [ -81.509, 24.632 ], [ -81.562, 24.603 ], [ -81.542, 24.62 ], [ -81.568, 24.625 ] ] ], [ [ [ -81.709, 25.94 ], [ -81.707, 25.946 ], [ -81.708, 25.954 ], [ -81.656, 25.943 ], [ -81.644, 25.921 ], [ -81.674, 25.925 ], [ -81.672, 25.91 ], [ -81.655, 25.917 ], [ -81.649, 25.904 ], [ -81.687, 25.901 ], [ -81.686, 25.936 ], [ -81.693, 25.91 ], [ -81.729, 25.909 ], [ -81.751, 25.959 ], [ -81.727, 25.973 ], [ -81.709, 25.94 ] ] ], [ [ [ -82.182, 26.483 ], [ -82.106, 26.447 ], [ -82.076, 26.445 ], [ -82.061, 26.469 ], [ -82.013, 26.453 ], [ -82.093, 26.423 ], [ -82.182, 26.483 ] ] ], [ [ [ -81.336, 24.643 ], [ -81.376, 24.651 ], [ -81.396, 24.746 ], [ -81.328, 24.646 ], [ -81.333, 24.64 ], [ -81.362, 24.631 ], [ -81.336, 24.643 ] ] ] ] } },
{ "type": "Feature", "properties": { "st": "GA", "name": "Georgia", "k": 14, "eD": 5, "eDiss": 0.3371, "oD": 7, "oDiss": 0.271, "voteD": 0.5013, "pop": 10711908 }, "geometry": { "type": "Polygon", "coordinates": [ [ [ -85.1, 31.166 ], [ -85.115, 31.277 ], [ -85.089, 31.295 ], [ -85.092, 31.364 ], [ -85.041, 31.542 ], [ -85.058, 31.621 ], [ -85.126, 31.695 ], [ -85.141, 31.858 ], [ -85.049, 32.022 ], [ -85.062, 32.134 ], [ -84.964, 32.195 ], [ -84.974, 32.217 ], [ -84.928, 32.22 ], [ -84.924, 32.25 ], [ -84.889, 32.259 ], [ -85.007, 32.329 ], [ -84.963, 32.424 ], [ -84.993, 32.451 ], [ -85.007, 32.524 ], [ -85.104, 32.641 ], [ -85.089, 32.658 ], [ -85.117, 32.693 ], [ -85.114, 32.735 ], [ -85.143, 32.76 ], [ -85.122, 32.775 ], [ -85.167, 32.812 ], [ -85.154, 32.845 ], [ -85.184, 32.861 ], [ -85.605, 34.985 ], [ -83.109, 35.001 ], [ -83.128, 34.949 ], [ -83.112, 34.935 ], [ -83.243, 34.878 ], [ -83.268, 34.821 ], [ -83.307, 34.816 ], [ -83.319, 34.757 ], [ -83.353, 34.728 ], [ -83.342, 34.682 ], [ -83.232, 34.612 ], [ -83.16, 34.604 ], [ -83.16, 34.579 ], [ -83.103, 34.538 ], [ -83.177, 34.477 ], [ -83.103, 34.537 ], [ -83.035, 34.484 ], [ -82.901, 34.487 ], [ -82.859, 34.456 ], [ -82.834, 34.365 ], [ -82.746, 34.266 ], [ -82.717, 34.15 ], [ -82.642, 34.094 ], [ -82.554, 33.943 ], [ -82.325, 33.82 ], [ -82.248, 33.753 ], [ -82.186, 33.62 ], [ -82.046, 33.564 ], [ -81.985, 33.486 ], [ -81.926, 33.462 ], [ -81.913, 33.438 ], [ -81.932, 33.426 ], [ -81.91, 33.412 ], [ -81.946, 33.407 ], [ -81.925, 33.374 ], [ -81.947, 33.371 ], [ -81.94, 33.345 ], [ -81.909, 33.347 ], [ -81.914, 33.32 ], [ -81.902, 33.336 ], [ -81.881, 33.302 ], [ -81.847, 33.306 ], [ -81.863, 33.289 ], [ -81.829, 33.263 ], [ -81.852, 33.247 ], [ -81.806, 33.211 ], [ -81.768, 33.218 ], [ -81.752, 33.149 ], [ -81.612, 33.094 ], [ -81.492, 33.009 ], [ -81.509, 32.952 ], [ -81.465, 32.898 ], [ -81.48, 32.881 ], [ -81.453, 32.873 ], [ -81.461, 32.846 ], [ -81.418, 32.818 ], [ -81.432, 32.769 ], [ -81.405, 32.746 ], [ -81.428, 32.702 ], [ -81.394, 32.652 ], [ -81.418, 32.629 ], [ -81.355, 32.571 ], [ -81.291, 32.563 ], [ -81.188, 32.463 ], [ -81.205, 32.423 ], [ -81.16, 32.341 ], [ -81.129, 32.341 ], [ -81.123, 32.276 ], [ -81.156, 32.243 ], [ -81.113, 32.195 ], [ -81.13, 32.166 ], [ -81.113, 32.113 ], [ -81.05, 32.085 ], [ -81.002, 32.1 ], [ -80.918, 32.037 ], [ -80.751, 32.034 ], [ -80.781, 32.012 ], [ -80.796, 31.953 ], [ -80.971, 31.798 ], [ -81.013, 31.728 ], [ -81.057, 31.715 ], [ -81.087, 31.529 ], [ -81.19, 31.399 ], [ -81.171, 31.37 ], [ -81.188, 31.246 ], [ -81.234, 31.171 ], [ -81.296, 31.152 ], [ -81.291, 31.093 ], [ -81.354, 31.038 ], [ -81.304, 30.971 ], [ -81.346, 30.932 ], [ -81.4, 30.767 ], [ -81.347, 30.712 ], [ -81.609, 30.716 ], [ -81.663, 30.754 ], [ -81.72, 30.744 ], [ -81.762, 30.776 ], [ -81.782, 30.762 ], [ -81.793, 30.787 ], [ -81.869, 30.793 ], [ -81.902, 30.83 ], [ -81.95, 30.828 ], [ -81.973, 30.778 ], [ -82.023, 30.788 ], [ -82.012, 30.762 ], [ -82.046, 30.728 ], [ -82.049, 30.656 ], [ -82.006, 30.563 ], [ -82.038, 30.372 ], [ -82.066, 30.356 ], [ -82.171, 30.359 ], [ -82.193, 30.379 ], [ -82.201, 30.485 ], [ -82.241, 30.537 ], [ -82.215, 30.568 ], [ -84.865, 30.711 ], [ -84.92, 30.765 ], [ -84.934, 30.883 ], [ -85.005, 30.976 ], [ -85.036, 31.109 ], [ -85.1, 31.166 ] ] ] } },
{ "type": "Feature", "properties": { "st": "HI", "name": "Hawaii", "k": 2, "eD": 2, "eDiss": 0.132, "oD": 2, "oDiss": 0.0975, "voteD": 0.6503, "pop": 1455271 }, "geometry": { "type": "MultiPolygon", "coordinates": [ [ [ [ -160.166, 21.929 ], [ -160.076, 21.943 ], [ -160.074, 21.893 ], [ -160.159, 21.864 ], [ -160.203, 21.779 ], [ -160.234, 21.789 ], [ -160.231, 21.873 ], [ -160.166, 21.929 ] ] ], [ [ [ -159.346, 21.938 ], [ -159.443, 21.868 ], [ -159.59, 21.909 ], [ -159.605, 21.892 ], [ -159.662, 21.943 ], [ -159.346, 21.938 ] ] ], [ [ [ -160.139, 21.943 ], [ -160.087, 22.003 ], [ -160.05, 21.977 ], [ -160.076, 21.943 ], [ -160.139, 21.943 ] ] ], [ [ [ -159.494, 22.208 ], [ -159.486, 22.229 ], [ -159.429, 22.217 ], [ -159.402, 22.233 ], [ -159.313, 22.182 ], [ -159.314, 22.143 ], [ -159.292, 22.128 ], [ -159.336, 22.045 ], [ -159.336, 21.955 ], [ -159.662, 21.943 ], [ -159.76, 21.98 ], [ -159.788, 22.022 ], [ -159.784, 22.063 ], [ -159.723, 22.149 ], [ -159.581, 22.223 ], [ -159.494, 22.208 ] ] ], [ [ [ -156.031, 19.65 ], [ -156.062, 19.728 ], [ -156.046, 19.78 ], [ -155.973, 19.848 ], [ -155.921, 19.856 ], [ -155.889, 19.929 ], [ -155.829, 19.98 ], [ -155.823, 20.028 ], [ -155.884, 20.105 ], [ -155.904, 20.187 ], [ -155.889, 20.251 ], [ -155.836, 20.267 ], [ -155.744, 20.23 ], [ -155.597, 20.122 ], [ -155.437, 20.092 ], [ -155.212, 19.975 ], [ -155.083, 19.852 ], [ -155.086, 19.725 ], [ -155.051, 19.732 ], [ -155.075, 19.743 ], [ -155.003, 19.736 ], [ -154.98, 19.636 ], [ -154.807, 19.518 ], [ -154.836, 19.46 ], [ -154.973, 19.35 ], [ -155.193, 19.255 ], [ -155.294, 19.263 ], [ -155.45, 19.149 ], [ -155.513, 19.13 ], [ -155.599, 18.969 ], [ -155.682, 18.911 ], [ -155.723, 18.966 ], [ -155.88, 19.034 ], [ -155.907, 19.08 ], [ -155.917, 19.154 ], [ -155.884, 19.333 ], [ -155.919, 19.477 ], [ -155.951, 19.487 ], [ -155.974, 19.604 ], [ -156.031, 19.65 ] ] ], [ [ [ -156.047, 20.652 ], [ -156.374, 20.575 ], [ -156.441, 20.605 ], [ -156.462, 20.781 ], [ -156.499, 20.797 ], [ -156.537, 20.774 ], [ -156.624, 20.809 ], [ -156.687, 20.882 ], [ -156.697, 20.927 ], [ -156.666, 21.006 ], [ -156.588, 21.031 ], [ -156.526, 20.986 ], [ -156.473, 20.891 ], [ -156.322, 20.947 ], [ -156.239, 20.936 ], [ -156.167, 20.86 ], [ -156.009, 20.797 ], [ -155.98, 20.765 ], [ -155.988, 20.707 ], [ -156.047, 20.652 ] ] ], [ [ [ -157.018, 20.858 ], [ -157.05, 20.87 ], [ -157.056, 20.91 ], [ -156.915, 20.92 ], [ -156.83, 20.856 ], [ -156.806, 20.806 ], [ -156.842, 20.757 ], [ -156.964, 20.732 ], [ -157.018, 20.858 ] ] ], [ [ [ -157.028, 21.088 ], [ -157.31, 21.102 ], [ -157.251, 21.178 ], [ -157.253, 21.224 ], [ -157.0, 21.179 ], [ -156.971, 21.215 ], [ -156.944, 21.173 ], [ -156.897, 21.161 ], [ -156.769, 21.177 ], [ -156.71, 21.158 ], [ -156.775, 21.082 ], [ -156.849, 21.049 ], [ -157.028, 21.088 ] ] ], [ [ [ -157.648, 21.311 ], [ -157.699, 21.26 ], [ -157.718, 21.286 ], [ -157.814, 21.256 ], [ -157.893, 21.333 ], [ -157.92, 21.312 ], [ -157.906, 21.302 ], [ -157.952, 21.305 ], [ -157.968, 21.35 ], [ -157.934, 21.375 ], [ -157.963, 21.389 ], [ -157.97, 21.37 ], [ -157.992, 21.388 ], [ -157.971, 21.342 ], [ -158.009, 21.374 ], [ -158.023, 21.361 ], [ -157.971, 21.321 ], [ -158.107, 21.296 ], [ -158.136, 21.369 ], [ -158.231, 21.482 ], [ -158.232, 21.537 ], [ -158.281, 21.576 ], [ -158.119, 21.581 ], [ -158.038, 21.682 ], [ -157.966, 21.71 ], [ -157.912, 21.648 ], [ -157.922, 21.627 ], [ -157.876, 21.557 ], [ -157.842, 21.543 ], [ -157.842, 21.461 ], [ -157.783, 21.41 ], [ -157.757, 21.435 ], [ -157.773, 21.457 ], [ -157.722, 21.459 ], [ -157.744, 21.419 ], [ -157.694, 21.333 ], [ -157.648, 21.311 ] ] ] ] } },
{ "type": "Feature", "properties": { "st": "IA", "name": "Iowa", "k": 4, "eD": 0, "eDiss": 0.247, "oD": 2, "oDiss": 0.203, "voteD": 0.4582, "pop": 3190369 }, "geometry": { "type": "Polygon", "coordinates": [ [ [ -90.952, 40.954 ], [ -91.093, 40.821 ], [ -91.123, 40.669 ], [ -91.187, 40.637 ], [ -91.34, 40.614 ], [ -91.405, 40.555 ], [ -91.364, 40.498 ], [ -91.373, 40.399 ], [ -91.464, 40.376 ], [ -91.524, 40.41 ], [ -91.526, 40.457 ], [ -91.575, 40.466 ], [ -91.622, 40.51 ], [ -91.62, 40.541 ], [ -91.689, 40.558 ], [ -91.686, 40.581 ], [ -91.729, 40.614 ], [ -94.072, 40.573 ], [ -95.765, 40.585 ], [ -95.749, 40.604 ], [ -95.776, 40.647 ], [ -95.843, 40.678 ], [ -95.889, 40.736 ], [ -95.835, 40.781 ], [ -95.847, 40.865 ], [ -95.809, 40.892 ], [ -95.836, 40.922 ], [ -95.832, 40.98 ], [ -95.385, 40.98 ], [ -95.385, 41.16 ], [ -95.155, 41.159 ], [ -95.155, 41.505 ], [ -94.701, 41.504 ], [ -94.701, 41.602 ], [ -94.745, 41.602 ], [ -94.745, 41.862 ], [ -94.629, 41.862 ], [ -94.629, 42.209 ], [ -94.165, 42.21 ], [ -94.164, 41.863 ], [ -92.767, 41.862 ], [ -92.767, 42.21 ], [ -93.463, 42.209 ], [ -93.462, 42.471 ], [ -93.499, 42.471 ], [ -93.499, 42.558 ], [ -93.027, 42.557 ], [ -93.025, 42.907 ], [ -93.499, 42.908 ], [ -93.498, 43.5 ], [ -91.218, 43.501 ], [ -91.233, 43.455 ], [ -91.2, 43.413 ], [ -91.207, 43.352 ], [ -91.107, 43.313 ], [ -91.057, 43.255 ], [ -91.176, 43.135 ], [ -91.18, 43.068 ], [ -91.145, 42.908 ], [ -91.1, 42.883 ], [ -91.066, 42.751 ], [ -90.949, 42.685 ], [ -90.709, 42.636 ], [ -90.636, 42.519 ], [ -90.651, 42.475 ], [ -90.445, 42.357 ], [ -90.416, 42.325 ], [ -90.431, 42.278 ], [ -90.393, 42.228 ], [ -90.17, 42.125 ], [ -90.14, 42.003 ], [ -90.181, 41.809 ], [ -90.31, 41.743 ], [ -90.343, 41.588 ], [ -90.474, 41.52 ], [ -90.591, 41.513 ], [ -90.656, 41.462 ], [ -90.846, 41.455 ], [ -90.93, 41.421 ], [ -90.983, 41.434 ], [ -91.046, 41.414 ], [ -91.114, 41.242 ], [ -91.041, 41.166 ], [ -90.996, 41.161 ], [ -90.946, 41.097 ], [ -90.952, 40.954 ] ] ] } },
{ "type": "Feature", "properties": { "st": "ID", "name": "Idaho", "k": 2, "eD": 0, "eDiss": 0.287, "oD": 0, "oDiss": 0.268, "voteD": 0.3412, "pop": 1839106 }, "geometry": { "type": "Polygon", "coordinates": [ [ [ -112.735, 44.499 ], [ -112.386, 44.448 ], [ -112.353, 44.538 ], [ -112.257, 44.572 ], [ -112.223, 44.544 ], [ -112.106, 44.521 ], [ -111.87, 44.567 ], [ -111.822, 44.509 ], [ -111.683, 44.562 ], [ -111.469, 44.539 ], [ -111.524, 44.592 ], [ -111.503, 44.627 ], [ -111.517, 44.644 ], [ -111.473, 44.666 ], [ -111.489, 44.706 ], [ -111.414, 44.711 ], [ -111.385, 44.755 ], [ -111.323, 44.729 ], [ -111.267, 44.668 ], [ -111.279, 44.651 ], [ -111.219, 44.623 ], [ -111.241, 44.615 ], [ -111.227, 44.577 ], [ -111.131, 44.533 ], [ -111.127, 44.497 ], [ -111.048, 44.474 ], [ -111.047, 42.001 ], [ -117.026, 42.0 ], [ -117.033, 43.831 ], [ -116.982, 43.868 ], [ -116.981, 43.914 ], [ -116.962, 43.919 ], [ -116.976, 43.975 ], [ -116.936, 43.989 ], [ -116.936, 44.027 ], [ -116.973, 44.049 ], [ -116.977, 44.086 ], [ -116.934, 44.1 ], [ -116.895, 44.163 ], [ -116.971, 44.197 ], [ -116.976, 44.243 ], [ -117.032, 44.248 ], [ -117.051, 44.228 ], [ -117.105, 44.28 ], [ -117.146, 44.258 ], [ -117.198, 44.274 ], [ -117.223, 44.298 ], [ -117.19, 44.337 ], [ -117.243, 44.396 ], [ -117.215, 44.427 ], [ -117.225, 44.483 ], [ -117.149, 44.536 ], [ -117.062, 44.727 ], [ -116.934, 44.784 ], [ -116.899, 44.854 ], [ -116.852, 44.888 ], [ -116.831, 44.933 ], [ -116.851, 44.962 ], [ -116.826, 44.982 ], [ -116.857, 44.977 ], [ -116.848, 45.023 ], [ -116.73, 45.142 ], [ -116.673, 45.321 ], [ -116.555, 45.463 ], [ -116.528, 45.552 ], [ -116.463, 45.611 ], [ -116.535, 45.692 ], [ -116.548, 45.752 ], [ -116.665, 45.782 ], [ -116.709, 45.826 ], [ -116.782, 45.825 ], [ -116.86, 45.907 ], [ -116.943, 46.061 ], [ -116.982, 46.085 ], [ -116.922, 46.168 ], [ -116.966, 46.204 ], [ -116.955, 46.231 ], [ -116.987, 46.296 ], [ -117.063, 46.354 ], [ -117.035, 46.418 ], [ -117.032, 48.999 ], [ -116.049, 49.001 ], [ -116.049, 47.977 ], [ -115.919, 47.854 ], [ -115.852, 47.828 ], [ -115.83, 47.755 ], [ -115.797, 47.758 ], [ -115.774, 47.717 ], [ -115.723, 47.695 ], [ -115.737, 47.653 ], [ -115.687, 47.595 ], [ -115.756, 47.548 ], [ -115.698, 47.531 ], [ -115.711, 47.517 ], [ -115.686, 47.485 ], [ -115.63, 47.479 ], [ -115.759, 47.423 ], [ -115.578, 47.368 ], [ -115.528, 47.299 ], [ -115.483, 47.281 ], [ -115.319, 47.257 ], [ -115.3, 47.189 ], [ -115.144, 47.102 ], [ -115.049, 46.97 ], [ -115.001, 46.972 ], [ -114.925, 46.918 ], [ -114.949, 46.86 ], [ -114.895, 46.802 ], [ -114.866, 46.814 ], [ -114.829, 46.783 ], [ -114.788, 46.783 ], [ -114.765, 46.758 ], [ -114.788, 46.714 ], [ -114.767, 46.697 ], [ -114.666, 46.739 ], [ -114.62, 46.707 ], [ -114.642, 46.673 ], [ -114.605, 46.636 ], [ -114.542, 46.65 ], [ -114.467, 46.632 ], [ -114.358, 46.671 ], [ -114.321, 46.647 ], [ -114.343, 46.518 ], [ -114.403, 46.498 ], [ -114.369, 46.437 ], [ -114.423, 46.387 ], [ -114.425, 46.288 ], [ -114.471, 46.266 ], [ -114.445, 46.169 ], [ -114.515, 46.167 ], [ -114.527, 46.146 ], [ -114.461, 46.098 ], [ -114.508, 46.031 ], [ -114.48, 46.03 ], [ -114.48, 45.993 ], [ -114.412, 45.978 ], [ -114.402, 45.958 ], [ -114.431, 45.936 ], [ -114.388, 45.882 ], [ -114.41, 45.852 ], [ -114.509, 45.845 ], [ -114.567, 45.773 ], [ -114.495, 45.704 ], [ -114.508, 45.657 ], [ -114.564, 45.638 ], [ -114.538, 45.606 ], [ -114.565, 45.557 ], [ -114.456, 45.562 ], [ -114.464, 45.545 ], [ -114.425, 45.51 ], [ -114.331, 45.46 ], [ -114.27, 45.484 ], [ -114.248, 45.546 ], [ -114.193, 45.536 ], [ -114.086, 45.592 ], [ -114.067, 45.628 ], [ -114.015, 45.652 ], [ -114.016, 45.696 ], [ -113.936, 45.695 ], [ -113.895, 45.644 ], [ -113.905, 45.622 ], [ -113.806, 45.602 ], [ -113.796, 45.581 ], [ -113.835, 45.521 ], [ -113.766, 45.521 ], [ -113.776, 45.408 ], [ -113.733, 45.391 ], [ -113.739, 45.329 ], [ -113.68, 45.279 ], [ -113.692, 45.262 ], [ -113.592, 45.185 ], [ -113.57, 45.124 ], [ -113.511, 45.116 ], [ -113.522, 45.091 ], [ -113.452, 45.059 ], [ -113.443, 44.959 ], [ -113.498, 44.942 ], [ -113.479, 44.896 ], [ -113.421, 44.837 ], [ -113.356, 44.82 ], [ -113.342, 44.785 ], [ -113.247, 44.823 ], [ -113.132, 44.773 ], [ -113.067, 44.678 ], [ -113.053, 44.622 ], [ -113.088, 44.599 ], [ -113.007, 44.526 ], [ -113.027, 44.496 ], [ -113.004, 44.452 ], [ -112.89, 44.406 ], [ -112.845, 44.358 ], [ -112.812, 44.377 ], [ -112.841, 44.425 ], [ -112.827, 44.444 ], [ -112.735, 44.499 ] ] ] } },
{ "type": "Feature", "properties": { "st": "IL", "name": "Illinois", "k": 17, "eD": 14, "eDiss": 0.2862, "oD": 12, "oDiss": 0.2229, "voteD": 0.5866, "pop": 12812508 }, "geometry": { "type": "Polygon", "coordinates": [ [ [ -90.114, 38.029 ], [ -90.13, 38.062 ], [ -90.217, 38.093 ], [ -90.33, 38.186 ], [ -90.372, 38.283 ], [ -90.342, 38.388 ], [ -90.291, 38.431 ], [ -90.264, 38.52 ], [ -90.179, 38.629 ], [ -90.211, 38.721 ], [ -90.124, 38.798 ], [ -90.114, 38.849 ], [ -90.25, 38.919 ], [ -90.45, 38.968 ], [ -90.549, 38.873 ], [ -90.623, 38.887 ], [ -90.663, 38.926 ], [ -90.713, 39.05 ], [ -90.681, 39.1 ], [ -90.731, 39.256 ], [ -91.038, 39.449 ], [ -91.1, 39.539 ], [ -91.148, 39.545 ], [ -91.182, 39.603 ], [ -91.368, 39.729 ], [ -91.364, 39.793 ], [ -91.434, 39.842 ], [ -91.447, 39.878 ], [ -91.42, 39.928 ], [ -91.496, 40.036 ], [ -91.511, 40.126 ], [ -91.507, 40.239 ], [ -91.464, 40.339 ], [ -91.373, 40.399 ], [ -91.364, 40.5 ], [ -91.405, 40.555 ], [ -91.34, 40.614 ], [ -91.187, 40.637 ], [ -91.123, 40.669 ], [ -91.093, 40.821 ], [ -90.952, 40.954 ], [ -90.946, 41.097 ], [ -90.996, 41.161 ], [ -91.041, 41.166 ], [ -91.114, 41.242 ], [ -91.046, 41.414 ], [ -90.983, 41.434 ], [ -90.93, 41.421 ], [ -90.846, 41.455 ], [ -90.656, 41.462 ], [ -90.556, 41.524 ], [ -90.461, 41.524 ], [ -90.343, 41.588 ], [ -90.31, 41.743 ], [ -90.183, 41.807 ], [ -90.14, 42.003 ], [ -90.165, 42.042 ], [ -90.168, 42.123 ], [ -90.393, 42.228 ], [ -90.431, 42.282 ], [ -90.416, 42.325 ], [ -90.445, 42.357 ], [ -90.656, 42.491 ], [ -90.643, 42.509 ], [ -87.02, 42.493 ], [ -87.208, 41.761 ], [ -87.524, 41.759 ], [ -87.532, 39.348 ], [ -87.621, 39.306 ], [ -87.598, 39.299 ], [ -87.594, 39.247 ], [ -87.572, 39.252 ], [ -87.576, 39.214 ], [ -87.659, 39.136 ], [ -87.635, 39.123 ], [ -87.653, 39.107 ], [ -87.616, 39.103 ], [ -87.572, 39.058 ], [ -87.579, 39.002 ], [ -87.561, 38.993 ], [ -87.579, 38.989 ], [ -87.512, 38.954 ], [ -87.517, 38.904 ], [ -87.545, 38.895 ], [ -87.553, 38.862 ], [ -87.495, 38.785 ], [ -87.514, 38.77 ], [ -87.496, 38.74 ], [ -87.531, 38.684 ], [ -87.62, 38.639 ], [ -87.612, 38.589 ], [ -87.638, 38.592 ], [ -87.67, 38.545 ], [ -87.646, 38.507 ], [ -87.751, 38.472 ], [ -87.73, 38.446 ], [ -87.745, 38.409 ], [ -87.823, 38.347 ], [ -87.841, 38.28 ], [ -87.862, 38.279 ], [ -87.87, 38.313 ], [ -87.91, 38.268 ], [ -87.91, 38.296 ], [ -87.935, 38.295 ], [ -87.961, 38.237 ], [ -87.988, 38.257 ], [ -87.977, 38.199 ], [ -87.935, 38.156 ], [ -87.911, 38.163 ], [ -88.016, 38.1 ], [ -87.957, 38.086 ], [ -88.042, 38.046 ], [ -88.007, 38.031 ], [ -88.025, 38.007 ], [ -88.013, 37.967 ], [ -88.036, 37.957 ], [ -88.033, 37.926 ], [ -88.069, 37.926 ], [ -88.013, 37.894 ], [ -88.098, 37.902 ], [ -88.027, 37.833 ], [ -88.09, 37.816 ], [ -88.028, 37.799 ], [ -88.06, 37.742 ], [ -88.121, 37.71 ], [ -88.16, 37.657 ], [ -88.136, 37.577 ], [ -88.069, 37.526 ], [ -88.065, 37.489 ], [ -88.282, 37.453 ], [ -88.364, 37.402 ], [ -88.41, 37.426 ], [ -88.469, 37.397 ], [ -88.515, 37.284 ], [ -88.425, 37.153 ], [ -88.461, 37.075 ], [ -88.566, 37.075 ], [ -88.629, 37.121 ], [ -88.97, 37.23 ], [ -89.076, 37.175 ], [ -89.173, 37.066 ], [ -89.179, 37.022 ], [ -89.133, 36.982 ], [ -89.186, 36.974 ], [ -89.254, 37.072 ], [ -89.308, 37.068 ], [ -89.26, 37.023 ], [ -89.279, 36.988 ], [ -89.379, 37.041 ], [ -89.379, 37.095 ], [ -89.462, 37.2 ], [ -89.459, 37.249 ], [ -89.518, 37.285 ], [ -89.489, 37.333 ], [ -89.433, 37.347 ], [ -89.42, 37.388 ], [ -89.517, 37.537 ], [ -89.519, 37.583 ], [ -89.475, 37.592 ], [ -89.518, 37.641 ], [ -89.514, 37.69 ], [ -89.584, 37.713 ], [ -89.617, 37.75 ], [ -89.664, 37.75 ], [ -89.669, 37.8 ], [ -89.786, 37.852 ], [ -89.842, 37.905 ], [ -89.902, 37.869 ], [ -89.938, 37.874 ], [ -89.975, 37.927 ], [ -89.924, 37.959 ], [ -90.0, 37.965 ], [ -90.058, 38.015 ], [ -90.114, 38.029 ] ] ] } },
{ "type": "Feature", "properties": { "st": "IN", "name": "Indiana", "k": 9, "eD": 2, "eDiss": 0.2777, "oD": 2, "oDiss": 0.26, "voteD": 0.418, "pop": 6785528 }, "geometry": { "type": "Polygon", "coordinates": [ [ [ -88.02, 37.888 ], [ -88.022, 37.915 ], [ -88.069, 37.926 ], [ -88.033, 37.926 ], [ -88.036, 37.957 ], [ -88.013, 37.967 ], [ -88.025, 38.007 ], [ -88.007, 38.031 ], [ -88.042, 38.046 ], [ -87.968, 38.068 ], [ -87.961, 38.1 ], [ -88.011, 38.085 ], [ -88.016, 38.101 ], [ -87.911, 38.163 ], [ -87.935, 38.156 ], [ -87.977, 38.199 ], [ -87.988, 38.257 ], [ -87.961, 38.237 ], [ -87.935, 38.295 ], [ -87.91, 38.296 ], [ -87.91, 38.268 ], [ -87.87, 38.313 ], [ -87.862, 38.279 ], [ -87.841, 38.28 ], [ -87.823, 38.347 ], [ -87.745, 38.409 ], [ -87.73, 38.446 ], [ -87.751, 38.472 ], [ -87.646, 38.507 ], [ -87.67, 38.545 ], [ -87.638, 38.592 ], [ -87.612, 38.589 ], [ -87.62, 38.639 ], [ -87.531, 38.684 ], [ -87.495, 38.741 ], [ -87.514, 38.77 ], [ -87.495, 38.785 ], [ -87.553, 38.862 ], [ -87.545, 38.895 ], [ -87.517, 38.904 ], [ -87.512, 38.954 ], [ -87.579, 38.989 ], [ -87.561, 38.993 ], [ -87.579, 39.002 ], [ -87.572, 39.058 ], [ -87.616, 39.103 ], [ -87.653, 39.107 ], [ -87.635, 39.123 ], [ -87.659, 39.138 ], [ -87.575, 39.218 ], [ -87.572, 39.252 ], [ -87.605, 39.26 ], [ -87.598, 39.299 ], [ -87.62, 39.307 ], [ -87.532, 39.348 ], [ -87.524, 41.76 ], [ -84.806, 41.76 ], [ -84.82, 39.106 ], [ -84.897, 39.058 ], [ -84.83, 38.972 ], [ -84.878, 38.909 ], [ -84.786, 38.88 ], [ -84.83, 38.83 ], [ -84.813, 38.786 ], [ -84.992, 38.779 ], [ -85.173, 38.688 ], [ -85.272, 38.741 ], [ -85.437, 38.728 ], [ -85.457, 38.687 ], [ -85.42, 38.535 ], [ -85.505, 38.464 ], [ -85.607, 38.439 ], [ -85.68, 38.297 ], [ -85.743, 38.267 ], [ -85.781, 38.288 ], [ -85.829, 38.277 ], [ -85.906, 38.168 ], [ -85.925, 38.022 ], [ -86.03, 37.992 ], [ -86.039, 37.959 ], [ -86.094, 38.009 ], [ -86.178, 38.01 ], [ -86.267, 38.057 ], [ -86.272, 38.139 ], [ -86.358, 38.199 ], [ -86.377, 38.173 ], [ -86.324, 38.152 ], [ -86.326, 38.135 ], [ -86.381, 38.129 ], [ -86.402, 38.104 ], [ -86.461, 38.121 ], [ -86.434, 38.065 ], [ -86.526, 38.029 ], [ -86.508, 37.929 ], [ -86.589, 37.921 ], [ -86.598, 37.867 ], [ -86.638, 37.842 ], [ -86.663, 37.853 ], [ -86.648, 37.91 ], [ -86.733, 37.894 ], [ -86.819, 37.999 ], [ -86.918, 37.937 ], [ -87.034, 37.906 ], [ -87.065, 37.808 ], [ -87.111, 37.783 ], [ -87.161, 37.84 ], [ -87.22, 37.849 ], [ -87.387, 37.938 ], [ -87.45, 37.942 ], [ -87.51, 37.906 ], [ -87.587, 37.976 ], [ -87.627, 37.926 ], [ -87.59, 37.859 ], [ -87.645, 37.826 ], [ -87.681, 37.84 ], [ -87.675, 37.902 ], [ -87.83, 37.876 ], [ -87.897, 37.928 ], [ -87.94, 37.885 ], [ -87.904, 37.813 ], [ -87.959, 37.773 ], [ -88.09, 37.816 ], [ -88.027, 37.831 ], [ -88.098, 37.904 ], [ -88.02, 37.888 ] ] ] } },
{ "type": "Feature", "properties": { "st": "KS", "name": "Kansas", "k": 4, "eD": 1, "eDiss": 0.288, "oD": 1, "oDiss": 0.245, "voteD": 0.4251, "pop": 2937880 }, "geometry": { "type": "Polygon", "coordinates": [ [ [ -94.618, 36.999 ], [ -102.042, 36.993 ], [ -102.052, 40.003 ], [ -95.308, 40.0 ], [ -95.205, 39.939 ], [ -95.202, 39.904 ], [ -95.15, 39.906 ], [ -95.125, 39.873 ], [ -95.04, 39.864 ], [ -95.015, 39.899 ], [ -94.934, 39.894 ], [ -94.941, 39.853 ], [ -94.877, 39.814 ], [ -94.934, 39.773 ], [ -94.87, 39.773 ], [ -94.863, 39.742 ], [ -94.9, 39.724 ], [ -94.964, 39.74 ], [ -94.971, 39.687 ], [ -95.028, 39.666 ], [ -95.051, 39.588 ], [ -95.105, 39.577 ], [ -95.11, 39.544 ], [ -94.942, 39.39 ], [ -94.885, 39.39 ], [ -94.907, 39.315 ], [ -94.831, 39.256 ], [ -94.831, 39.216 ], [ -94.741, 39.169 ], [ -94.669, 39.182 ], [ -94.655, 39.156 ], [ -94.591, 39.155 ], [ -94.609, 39.118 ], [ -94.618, 36.999 ] ] ] } },
{ "type": "Feature", "properties": { "st": "KY", "name": "Kentucky", "k": 6, "eD": 1, "eDiss": 0.2134, "oD": 1, "oDiss": 0.1865, "voteD": 0.368, "pop": 4505836 }, "geometry": { "type": "MultiPolygon", "coordinates": [ [ [ [ -89.485, 36.497 ], [ -89.539, 36.497 ], [ -89.57, 36.559 ], [ -89.529, 36.581 ], [ -89.48, 36.569 ], [ -89.466, 36.534 ], [ -89.485, 36.497 ] ] ], [ [ [ -89.297, 36.598 ], [ -89.258, 36.565 ], [ -89.204, 36.598 ], [ -89.16, 36.666 ], [ -89.201, 36.732 ], [ -89.116, 36.773 ], [ -89.171, 36.797 ], [ -89.179, 36.83 ], [ -89.138, 36.848 ], [ -89.099, 36.959 ], [ -89.183, 37.039 ], [ -89.087, 37.166 ], [ -89.0, 37.225 ], [ -88.943, 37.229 ], [ -88.621, 37.118 ], [ -88.566, 37.075 ], [ -88.461, 37.075 ], [ -88.425, 37.153 ], [ -88.515, 37.284 ], [ -88.476, 37.39 ], [ -88.412, 37.425 ], [ -88.364, 37.402 ], [ -88.282, 37.453 ], [ -88.068, 37.486 ], [ -88.069, 37.525 ], [ -88.141, 37.585 ], [ -88.16, 37.662 ], [ -88.06, 37.742 ], [ -88.029, 37.798 ], [ -87.952, 37.772 ], [ -87.907, 37.808 ], [ -87.94, 37.885 ], [ -87.897, 37.928 ], [ -87.83, 37.876 ], [ -87.675, 37.901 ], [ -87.681, 37.841 ], [ -87.653, 37.826 ], [ -87.612, 37.834 ], [ -87.584, 37.873 ], [ -87.627, 37.92 ], [ -87.595, 37.976 ], [ -87.51, 37.906 ], [ -87.414, 37.945 ], [ -87.161, 37.84 ], [ -87.113, 37.783 ], [ -87.064, 37.812 ], [ -87.034, 37.906 ], [ -86.918, 37.937 ], [ -86.818, 37.999 ], [ -86.733, 37.894 ], [ -86.648, 37.91 ], [ -86.663, 37.853 ], [ -86.638, 37.842 ], [ -86.598, 37.867 ], [ -86.589, 37.921 ], [ -86.508, 37.929 ], [ -86.526, 38.029 ], [ -86.434, 38.065 ], [ -86.461, 38.121 ], [ -86.402, 38.104 ], [ -86.325, 38.137 ], [ -86.376, 38.169 ], [ -86.358, 38.199 ], [ -86.273, 38.141 ], [ -86.265, 38.055 ], [ -86.178, 38.01 ], [ -86.094, 38.009 ], [ -86.042, 37.958 ], [ -86.026, 37.994 ], [ -85.921, 38.029 ], [ -85.905, 38.17 ], [ -85.825, 38.279 ], [ -85.743, 38.267 ], [ -85.684, 38.295 ], [ -85.604, 38.441 ], [ -85.5, 38.468 ], [ -85.417, 38.537 ], [ -85.457, 38.687 ], [ -85.435, 38.729 ], [ -85.272, 38.741 ], [ -85.173, 38.688 ], [ -84.992, 38.779 ], [ -84.814, 38.785 ], [ -84.83, 38.83 ], [ -84.786, 38.88 ], [ -84.878, 38.909 ], [ -84.83, 38.972 ], [ -84.897, 39.058 ], [ -84.754, 39.147 ], [ -84.618, 39.074 ], [ -84.452, 39.119 ], [ -84.426, 39.053 ], [ -84.306, 39.007 ], [ -84.235, 38.893 ], [ -84.213, 38.805 ], [ -84.07, 38.77 ], [ -83.963, 38.787 ], [ -83.87, 38.762 ], [ -83.784, 38.696 ], [ -83.764, 38.652 ], [ -83.668, 38.627 ], [ -83.627, 38.679 ], [ -83.521, 38.703 ], [ -83.363, 38.658 ], [ -83.293, 38.596 ], [ -83.246, 38.629 ], [ -83.153, 38.619 ], [ -83.031, 38.726 ], [ -82.879, 38.751 ], [ -82.842, 38.589 ], [ -82.726, 38.558 ], [ -82.603, 38.459 ], [ -82.575, 38.264 ], [ -82.612, 38.236 ], [ -82.612, 38.171 ], [ -82.645, 38.165 ], [ -82.55, 38.07 ], [ -82.52, 38.002 ], [ -82.465, 37.984 ], [ -82.502, 37.933 ], [ -82.419, 37.885 ], [ -82.402, 37.81 ], [ -82.312, 37.764 ], [ -82.334, 37.742 ], [ -82.296, 37.702 ], [ -82.304, 37.676 ], [ -82.235, 37.66 ], [ -82.215, 37.625 ], [ -82.175, 37.648 ], [ -82.182, 37.622 ], [ -82.127, 37.587 ], [ -82.134, 37.553 ], [ -82.075, 37.555 ], [ -82.046, 37.528 ], [ -82.042, 37.548 ], [ -81.965, 37.543 ], [ -82.349, 37.267 ], [ -82.499, 37.227 ], [ -82.722, 37.121 ], [ -82.723, 37.045 ], [ -82.867, 36.978 ], [ -82.858, 36.929 ], [ -82.878, 36.89 ], [ -83.007, 36.848 ], [ -83.073, 36.854 ], [ -83.134, 36.785 ], [ -83.135, 36.742 ], [ -83.425, 36.667 ], [ -83.53, 36.666 ], [ -83.679, 36.598 ], [ -83.691, 36.582 ], [ -84.578, 36.598 ], [ -85.11, 36.623 ], [ -85.677, 36.618 ], [ -86.508, 36.652 ], [ -86.564, 36.633 ], [ -86.59, 36.652 ], [ -87.854, 36.633 ], [ -87.849, 36.664 ], [ -88.071, 36.678 ], [ -88.043, 36.598 ], [ -88.032, 36.542 ], [ -88.053, 36.497 ], [ -89.418, 36.499 ], [ -89.383, 36.584 ], [ -89.297, 36.598 ] ] ], [ [ [ -89.297, 36.598 ], [ -89.38, 36.598 ], [ -89.366, 36.625 ], [ -89.316, 36.624 ], [ -89.297, 36.598 ] ] ] ] } },
{ "type": "Feature", "properties": { "st": "LA", "name": "Louisiana", "k": 6, "eD": 2, "eDiss": 0.4679, "oD": 2, "oDiss": 0.4591, "voteD": 0.4054, "pop": 4657757 }, "geometry": { "type": "Polygon", "coordinates": [ [ [ -93.288, 29.724 ], [ -93.34, 29.695 ], [ -93.433, 29.719 ], [ -93.723, 29.688 ], [ -93.77, 29.671 ], [ -93.774, 29.618 ], [ -93.815, 29.596 ], [ -93.837, 29.69 ], [ -93.926, 29.789 ], [ -93.917, 29.825 ], [ -93.841, 29.88 ], [ -93.789, 29.988 ], [ -93.717, 30.066 ], [ -93.7, 30.057 ], [ -93.734, 30.088 ], [ -93.689, 30.142 ], [ -93.709, 30.146 ], [ -93.7, 30.176 ], [ -93.722, 30.209 ], [ -93.705, 30.29 ], [ -93.766, 30.333 ], [ -93.757, 30.391 ], [ -93.697, 30.443 ], [ -93.708, 30.521 ], [ -93.741, 30.54 ], [ -93.728, 30.574 ], [ -93.679, 30.594 ], [ -93.683, 30.641 ], [ -93.63, 30.68 ], [ -93.605, 30.717 ], [ -93.615, 30.761 ], [ -93.554, 30.823 ], [ -93.575, 30.885 ], [ -93.527, 30.938 ], [ -93.579, 31.0 ], [ -93.507, 31.032 ], [ -93.564, 31.094 ], [ -93.539, 31.115 ], [ -93.532, 31.183 ], [ -93.59, 31.166 ], [ -93.62, 31.272 ], [ -93.687, 31.306 ], [ -93.639, 31.372 ], [ -93.671, 31.367 ], [ -93.674, 31.398 ], [ -93.705, 31.411 ], [ -93.704, 31.456 ], [ -93.749, 31.468 ], [ -93.711, 31.512 ], [ -93.799, 31.534 ], [ -93.836, 31.587 ], [ -93.811, 31.648 ], [ -93.826, 31.667 ], [ -93.794, 31.702 ], [ -93.837, 31.75 ], [ -93.823, 31.774 ], [ -93.873, 31.815 ], [ -93.9, 31.896 ], [ -93.932, 31.892 ], [ -93.929, 31.913 ], [ -93.972, 31.921 ], [ -94.018, 31.993 ], [ -94.042, 31.994 ], [ -94.043, 33.019 ], [ -91.166, 33.004 ], [ -91.214, 32.93 ], [ -91.17, 32.899 ], [ -91.133, 32.919 ], [ -91.136, 32.98 ], [ -91.097, 32.987 ], [ -91.064, 32.901 ], [ -91.145, 32.843 ], [ -91.166, 32.754 ], [ -91.055, 32.719 ], [ -91.152, 32.621 ], [ -91.119, 32.585 ], [ -91.016, 32.642 ], [ -91.008, 32.605 ], [ -91.081, 32.556 ], [ -90.987, 32.496 ], [ -91.038, 32.49 ], [ -91.093, 32.549 ], [ -91.116, 32.483 ], [ -91.052, 32.438 ], [ -90.97, 32.439 ], [ -90.994, 32.354 ], [ -90.912, 32.339 ], [ -90.876, 32.372 ], [ -90.923, 32.299 ], [ -90.979, 32.294 ], [ -90.97, 32.252 ], [ -90.994, 32.193 ], [ -91.04, 32.242 ], [ -91.165, 32.197 ], [ -91.163, 32.133 ], [ -91.053, 32.124 ], [ -91.059, 32.181 ], [ -91.004, 32.147 ], [ -91.081, 32.078 ], [ -91.081, 32.048 ], [ -91.159, 32.073 ], [ -91.154, 32.051 ], [ -91.075, 32.017 ], [ -91.185, 31.965 ], [ -91.182, 31.916 ], [ -91.268, 31.862 ], [ -91.254, 31.813 ], [ -91.283, 31.816 ], [ -91.294, 31.86 ], [ -91.346, 31.844 ], [ -91.365, 31.761 ], [ -91.259, 31.76 ], [ -91.369, 31.747 ], [ -91.398, 31.709 ], [ -91.401, 31.621 ], [ -91.436, 31.612 ], [ -91.496, 31.645 ], [ -91.516, 31.63 ], [ -91.493, 31.589 ], [ -91.419, 31.596 ], [ -91.405, 31.576 ], [ -91.523, 31.522 ], [ -91.475, 31.369 ], [ -91.522, 31.375 ], [ -91.544, 31.432 ], [ -91.577, 31.41 ], [ -91.509, 31.315 ], [ -91.516, 31.279 ], [ -91.653, 31.256 ], [ -91.589, 31.189 ], [ -91.627, 31.119 ], [ -91.56, 31.054 ], [ -91.637, 31.0 ], [ -89.732, 31.005 ], [ -89.727, 30.967 ], [ -89.757, 30.942 ], [ -89.745, 30.919 ], [ -89.793, 30.85 ], [ -89.782, 30.819 ], [ -89.835, 30.77 ], [ -89.816, 30.739 ], [ -89.842, 30.721 ], [ -89.839, 30.669 ], [ -89.996, 30.665 ], [ -89.842, 30.666 ], [ -89.82, 30.646 ], [ -89.831, 30.618 ], [ -89.808, 30.568 ], [ -89.787, 30.569 ], [ -89.804, 30.549 ], [ -89.683, 30.451 ], [ -89.684, 30.406 ], [ -89.629, 30.339 ], [ -89.647, 30.29 ], [ -89.615, 30.223 ], [ -89.576, 30.182 ], [ -89.534, 30.195 ], [ -89.515, 30.162 ], [ -89.261, 30.182 ], [ -89.184, 30.212 ], [ -89.096, 30.165 ], [ -88.855, 30.136 ], [ -88.783, 30.026 ], [ -88.759, 29.918 ], [ -88.767, 29.841 ], [ -88.823, 29.715 ], [ -89.039, 29.492 ], [ -89.142, 29.43 ], [ -89.138, 29.381 ], [ -89.077, 29.301 ], [ -88.918, 29.236 ], [ -88.922, 29.125 ], [ -88.997, 29.085 ], [ -89.013, 29.027 ], [ -89.114, 28.926 ], [ -89.186, 28.93 ], [ -89.235, 28.988 ], [ -89.279, 28.978 ], [ -89.385, 28.871 ], [ -89.434, 28.855 ], [ -89.493, 28.908 ], [ -89.466, 28.975 ], [ -89.469, 29.108 ], [ -89.521, 29.173 ], [ -89.61, 29.199 ], [ -90.033, 29.135 ], [ -90.201, 29.036 ], [ -90.345, 29.003 ], [ -90.409, 28.995 ], [ -90.552, 29.037 ], [ -90.747, 28.989 ], [ -90.932, 28.994 ], [ -91.02, 29.047 ], [ -91.012, 29.091 ], [ -90.96, 29.111 ], [ -90.975, 29.121 ], [ -91.292, 29.197 ], [ -91.421, 29.303 ], [ -91.644, 29.375 ], [ -91.712, 29.361 ], [ -91.777, 29.397 ], [ -91.875, 29.362 ], [ -91.913, 29.42 ], [ -92.023, 29.471 ], [ -92.078, 29.532 ], [ -92.146, 29.532 ], [ -92.293, 29.481 ], [ -92.593, 29.523 ], [ -93.126, 29.706 ], [ -93.288, 29.724 ] ] ] } },
{ "type": "Feature", "properties": { "st": "MA", "name": "Massachusetts", "k": 9, "eD": 9, "eDiss": 0.1986, "oD": 9, "oDiss": 0.1639, "voteD": 0.6712, "pop": 7029917 }, "geometry": { "type": "MultiPolygon", "coordinates": [ [ [ [ -71.281, 41.775 ], [ -71.341, 41.798 ], [ -71.338, 41.898 ], [ -71.382, 41.893 ], [ -71.381, 42.019 ], [ -71.8, 42.008 ], [ -71.801, 42.024 ], [ -72.697, 42.037 ], [ -72.754, 42.036 ], [ -72.767, 42.003 ], [ -72.817, 41.997 ], [ -72.813, 42.036 ], [ -73.497, 42.049 ], [ -73.508, 42.086 ], [ -73.265, 42.746 ], [ -71.294, 42.697 ], [ -71.245, 42.743 ], [ -71.182, 42.738 ], [ -71.186, 42.79 ], [ -71.15, 42.816 ], [ -71.064, 42.806 ], [ -71.031, 42.859 ], [ -70.93, 42.885 ], [ -70.815, 42.872 ], [ -70.812, 42.823 ], [ -70.913, 42.834 ], [ -70.812, 42.79 ], [ -70.815, 42.755 ], [ -70.819, 42.762 ], [ -70.855, 42.763 ], [ -70.826, 42.758 ], [ -70.834, 42.75 ], [ -70.823, 42.751 ], [ -70.826, 42.737 ], [ -70.818, 42.738 ], [ -70.816, 42.729 ], [ -70.849, 42.739 ], [ -70.856, 42.724 ], [ -70.823, 42.721 ], [ -70.837, 42.698 ], [ -70.812, 42.71 ], [ -70.797, 42.709 ], [ -70.789, 42.695 ], [ -70.814, 42.705 ], [ -70.833, 42.677 ], [ -70.789, 42.687 ], [ -70.763, 42.636 ], [ -70.692, 42.656 ], [ -70.709, 42.619 ], [ -70.672, 42.61 ], [ -70.685, 42.588 ], [ -70.88, 42.539 ], [ -70.926, 42.56 ], [ -70.899, 42.525 ], [ -70.865, 42.534 ], [ -70.887, 42.497 ], [ -70.862, 42.521 ], [ -70.841, 42.518 ], [ -70.855, 42.492 ], [ -70.832, 42.503 ], [ -70.895, 42.46 ], [ -70.935, 42.459 ], [ -70.906, 42.416 ], [ -70.937, 42.417 ], [ -70.944, 42.46 ], [ -70.963, 42.445 ], [ -70.976, 42.458 ], [ -70.987, 42.46 ], [ -70.983, 42.443 ], [ -70.973, 42.447 ], [ -70.972, 42.443 ], [ -70.983, 42.432 ], [ -70.992, 42.437 ], [ -70.997, 42.432 ], [ -70.983, 42.429 ], [ -70.961, 42.441 ], [ -70.991, 42.408 ], [ -70.966, 42.389 ], [ -70.969, 42.355 ], [ -70.996, 42.372 ], [ -70.983, 42.39 ], [ -70.987, 42.393 ], [ -71.02, 42.378 ], [ -70.992, 42.353 ], [ -71.042, 42.365 ], [ -71.006, 42.394 ], [ -71.007, 42.401 ], [ -71.027, 42.406 ], [ -71.01, 42.401 ], [ -71.029, 42.385 ], [ -71.095, 42.406 ], [ -71.047, 42.383 ], [ -71.079, 42.361 ], [ -71.131, 42.375 ], [ -71.163, 42.36 ], [ -71.131, 42.374 ], [ -71.113, 42.352 ], [ -71.014, 42.342 ], [ -71.047, 42.328 ], [ -71.038, 42.287 ], [ -71.044, 42.277 ], [ -71.05, 42.278 ], [ -71.054, 42.277 ], [ -71.065, 42.268 ], [ -71.047, 42.263 ], [ -71.029, 42.303 ], [ -71.001, 42.303 ], [ -71.022, 42.288 ], [ -71.003, 42.261 ], [ -70.955, 42.28 ], [ -70.962, 42.248 ], [ -70.981, 42.261 ], [ -70.994, 42.256 ], [ -70.966, 42.248 ], [ -70.979, 42.221 ], [ -70.925, 42.263 ], [ -70.939, 42.247 ], [ -70.924, 42.226 ], [ -70.932, 42.251 ], [ -70.913, 42.262 ], [ -70.878, 42.249 ], [ -70.882, 42.274 ], [ -70.86, 42.247 ], [ -70.836, 42.264 ], [ -70.789, 42.254 ], [ -70.795, 42.24 ], [ -70.782, 42.237 ], [ -70.763, 42.251 ], [ -70.712, 42.204 ], [ -70.714, 42.164 ], [ -70.719, 42.172 ], [ -70.742, 42.16 ], [ -70.689, 42.132 ], [ -70.704, 42.163 ], [ -70.6, 42.006 ], [ -70.637, 41.994 ], [ -70.615, 42.018 ], [ -70.67, 42.048 ], [ -70.67, 42.01 ], [ -70.696, 42.017 ], [ -70.719, 41.994 ], [ -70.65, 41.95 ], [ -70.628, 41.946 ], [ -70.652, 41.979 ], [ -70.62, 41.941 ], [ -70.583, 41.95 ], [ -70.539, 41.927 ], [ -70.525, 41.858 ], [ -70.542, 41.818 ], [ -70.495, 41.778 ], [ -70.556, 41.775 ], [ -70.626, 41.738 ], [ -70.602, 41.762 ], [ -70.624, 41.765 ], [ -70.635, 41.734 ], [ -70.678, 41.746 ], [ -70.642, 41.724 ], [ -70.675, 41.691 ], [ -70.653, 41.716 ], [ -70.714, 41.732 ], [ -70.694, 41.742 ], [ -70.712, 41.757 ], [ -70.734, 41.738 ], [ -70.72, 41.723 ], [ -70.738, 41.732 ], [ -70.737, 41.741 ], [ -70.742, 41.731 ], [ -70.74, 41.758 ], [ -70.741, 41.763 ], [ -70.746, 41.767 ], [ -70.749, 41.739 ], [ -70.753, 41.743 ], [ -70.759, 41.743 ], [ -70.773, 41.733 ], [ -70.715, 41.711 ], [ -70.731, 41.707 ], [ -70.716, 41.676 ], [ -70.76, 41.721 ], [ -70.744, 41.674 ], [ -70.767, 41.68 ], [ -70.766, 41.641 ], [ -70.815, 41.659 ], [ -70.83, 41.653 ], [ -70.804, 41.627 ], [ -70.867, 41.639 ], [ -70.854, 41.582 ], [ -70.887, 41.635 ], [ -70.914, 41.619 ], [ -70.902, 41.591 ], [ -70.921, 41.614 ], [ -70.939, 41.577 ], [ -70.947, 41.586 ], [ -70.928, 41.538 ], [ -70.954, 41.515 ], [ -71.005, 41.571 ], [ -70.983, 41.51 ], [ -71.014, 41.521 ], [ -71.038, 41.481 ], [ -71.087, 41.508 ], [ -71.091, 41.511 ], [ -71.05, 41.516 ], [ -71.035, 41.501 ], [ -71.025, 41.504 ], [ -71.072, 41.565 ], [ -71.058, 41.613 ], [ -71.076, 41.584 ], [ -71.068, 41.518 ], [ -71.124, 41.554 ], [ -71.132, 41.661 ], [ -71.196, 41.675 ], [ -71.105, 41.771 ], [ -71.119, 41.794 ], [ -71.104, 41.816 ], [ -71.11, 41.844 ], [ -71.121, 41.812 ], [ -71.12, 41.771 ], [ -71.153, 41.727 ], [ -71.196, 41.708 ], [ -71.189, 41.721 ], [ -71.191, 41.731 ], [ -71.209, 41.709 ], [ -71.224, 41.726 ], [ -71.211, 41.727 ], [ -71.215, 41.733 ], [ -71.201, 41.736 ], [ -71.202, 41.743 ], [ -71.227, 41.73 ], [ -71.226, 41.712 ], [ -71.281, 41.775 ] ], [ [ -70.962, 41.601 ], [ -70.966, 41.573 ], [ -70.947, 41.586 ], [ -70.962, 41.601 ] ] ], [ [ [ -71.098, 41.511 ], [ -71.087, 41.508 ], [ -71.12, 41.497 ], [ -71.124, 41.554 ], [ -71.098, 41.511 ] ] ], [ [ [ -70.023, 41.292 ], [ -70.01, 41.305 ], [ -70.032, 41.316 ], [ -69.999, 41.329 ], [ -70.013, 41.354 ], [ -70.045, 41.315 ], [ -70.079, 41.293 ], [ -70.093, 41.297 ], [ -70.028, 41.345 ], [ -70.05, 41.392 ], [ -70.021, 41.369 ], [ -69.96, 41.274 ], [ -69.965, 41.252 ], [ -70.019, 41.238 ], [ -70.119, 41.243 ], [ -70.174, 41.257 ], [ -70.234, 41.283 ], [ -70.104, 41.297 ], [ -70.09, 41.277 ], [ -70.023, 41.292 ] ] ], [ [ [ -70.768, 41.354 ], [ -70.701, 41.433 ], [ -70.634, 41.467 ], [ -70.623, 41.448 ], [ -70.632, 41.467 ], [ -70.604, 41.483 ], [ -70.587, 41.458 ], [ -70.604, 41.431 ], [ -70.567, 41.471 ], [ -70.554, 41.459 ], [ -70.553, 41.44 ], [ -70.572, 41.415 ], [ -70.506, 41.396 ], [ -70.514, 41.386 ], [ -70.498, 41.355 ], [ -70.509, 41.349 ], [ -70.466, 41.35 ], [ -70.509, 41.388 ], [ -70.459, 41.402 ], [ -70.451, 41.354 ], [ -70.45, 41.414 ], [ -70.465, 41.419 ], [ -70.45, 41.421 ], [ -70.446, 41.397 ], [ -70.448, 41.354 ], [ -70.453, 41.348 ], [ -70.7, 41.343 ], [ -70.774, 41.302 ], [ -70.838, 41.346 ], [ -70.768, 41.354 ] ] ], [ [ [ -70.701, 41.51 ], [ -70.806, 41.45 ], [ -70.788, 41.478 ], [ -70.701, 41.51 ] ] ], [ [ [ -70.652, 41.61 ], [ -70.631, 41.623 ], [ -70.65, 41.646 ], [ -70.615, 41.658 ], [ -70.654, 41.667 ], [ -70.628, 41.664 ], [ -70.626, 41.673 ], [ -70.617, 41.67 ], [ -70.613, 41.678 ], [ -70.661, 41.681 ], [ -70.616, 41.702 ], [ -70.615, 41.728 ], [ -70.639, 41.717 ], [ -70.623, 41.736 ], [ -70.556, 41.773 ], [ -70.494, 41.775 ], [ -70.426, 41.734 ], [ -70.428, 41.749 ], [ -70.291, 41.734 ], [ -70.274, 41.724 ], [ -70.299, 41.72 ], [ -70.332, 41.729 ], [ -70.347, 41.723 ], [ -70.351, 41.73 ], [ -70.373, 41.727 ], [ -70.341, 41.719 ], [ -70.337, 41.713 ], [ -70.34, 41.709 ], [ -70.344, 41.711 ], [ -70.35, 41.708 ], [ -70.351, 41.705 ], [ -70.35, 41.704 ], [ -70.299, 41.705 ], [ -70.004, 41.8 ], [ -70.006, 41.905 ], [ -69.988, 41.914 ], [ -70.068, 41.931 ], [ -70.067, 41.878 ], [ -70.071, 41.989 ], [ -70.097, 42.034 ], [ -70.156, 42.063 ], [ -70.211, 42.034 ], [ -70.233, 42.057 ], [ -70.226, 42.062 ], [ -70.245, 42.064 ], [ -70.237, 42.074 ], [ -70.083, 42.054 ], [ -69.98, 41.938 ], [ -69.957, 41.881 ], [ -69.947, 41.843 ], [ -69.968, 41.834 ], [ -69.958, 41.816 ], [ -69.986, 41.789 ], [ -69.938, 41.811 ], [ -69.929, 41.741 ], [ -69.928, 41.692 ], [ -69.932, 41.676 ], [ -69.938, 41.777 ], [ -69.96, 41.761 ], [ -69.962, 41.78 ], [ -69.972, 41.778 ], [ -69.968, 41.738 ], [ -69.998, 41.72 ], [ -69.946, 41.704 ], [ -69.962, 41.652 ], [ -69.982, 41.658 ], [ -69.969, 41.655 ], [ -69.961, 41.662 ], [ -69.962, 41.671 ], [ -69.99, 41.67 ], [ -69.984, 41.658 ], [ -70.02, 41.679 ], [ -70.196, 41.644 ], [ -70.174, 41.652 ], [ -70.179, 41.672 ], [ -70.26, 41.61 ], [ -70.267, 41.611 ], [ -70.269, 41.627 ], [ -70.26, 41.621 ], [ -70.237, 41.633 ], [ -70.28, 41.651 ], [ -70.274, 41.632 ], [ -70.365, 41.625 ], [ -70.361, 41.633 ], [ -70.337, 41.639 ], [ -70.333, 41.647 ], [ -70.363, 41.64 ], [ -70.369, 41.616 ], [ -70.4, 41.605 ], [ -70.388, 41.611 ], [ -70.406, 41.649 ], [ -70.448, 41.589 ], [ -70.45, 41.616 ], [ -70.466, 41.597 ], [ -70.48, 41.619 ], [ -70.475, 41.585 ], [ -70.45, 41.587 ], [ -70.479, 41.557 ], [ -70.527, 41.548 ], [ -70.494, 41.569 ], [ -70.517, 41.559 ], [ -70.529, 41.581 ], [ -70.547, 41.551 ], [ -70.686, 41.522 ], [ -70.653, 41.539 ], [ -70.652, 41.61 ] ], [ [ -69.965, 41.682 ], [ -69.991, 41.672 ], [ -69.99, 41.67 ], [ -69.965, 41.682 ] ] ], [ [ [ -70.167, 42.034 ], [ -70.192, 42.02 ], [ -70.211, 42.033 ], [ -70.211, 42.034 ], [ -70.167, 42.034 ] ] ], [ [ [ -70.682, 42.662 ], [ -70.63, 42.693 ], [ -70.623, 42.661 ], [ -70.591, 42.648 ], [ -70.661, 42.579 ], [ -70.649, 42.615 ], [ -70.686, 42.626 ], [ -70.682, 42.662 ] ] ] ] } },
{ "type": "Feature", "properties": { "st": "MD", "name": "Maryland", "k": 8, "eD": 7, "eDiss": 0.3271, "oD": 6, "oDiss": 0.2772, "voteD": 0.6703, "pop": 6177224 }, "geometry": { "type": "MultiPolygon", "coordinates": [ [ [ [ -77.274, 38.482 ], [ -77.235, 38.554 ], [ -77.171, 38.565 ], [ -77.16, 38.59 ], [ -77.211, 38.567 ], [ -77.183, 38.601 ], [ -77.149, 38.605 ], [ -77.099, 38.633 ], [ -77.095, 38.638 ], [ -77.11, 38.634 ], [ -77.106, 38.682 ], [ -76.991, 38.695 ], [ -77.036, 38.707 ], [ -77.029, 38.739 ], [ -77.003, 38.744 ], [ -77.027, 38.754 ], [ -77.025, 38.801 ], [ -76.91, 38.893 ], [ -77.042, 38.996 ], [ -77.12, 38.934 ], [ -77.147, 38.965 ], [ -77.235, 38.976 ], [ -77.248, 39.026 ], [ -77.305, 39.051 ], [ -77.463, 39.077 ], [ -77.528, 39.146 ], [ -77.458, 39.225 ], [ -77.543, 39.266 ], [ -77.565, 39.305 ], [ -77.757, 39.339 ], [ -77.737, 39.4 ], [ -77.801, 39.437 ], [ -77.776, 39.462 ], [ -77.796, 39.48 ], [ -77.765, 39.496 ], [ -77.845, 39.5 ], [ -77.824, 39.529 ], [ -77.861, 39.516 ], [ -77.886, 39.555 ], [ -77.834, 39.565 ], [ -77.834, 39.607 ], [ -77.941, 39.62 ], [ -77.945, 39.586 ], [ -77.953, 39.609 ], [ -78.008, 39.604 ], [ -78.096, 39.68 ], [ -78.177, 39.698 ], [ -78.232, 39.674 ], [ -78.265, 39.62 ], [ -78.356, 39.641 ], [ -78.382, 39.628 ], [ -78.375, 39.608 ], [ -78.43, 39.624 ], [ -78.394, 39.586 ], [ -78.456, 39.588 ], [ -78.418, 39.549 ], [ -78.462, 39.551 ], [ -78.473, 39.516 ], [ -78.566, 39.519 ], [ -78.757, 39.581 ], [ -78.777, 39.605 ], [ -78.734, 39.615 ], [ -78.777, 39.622 ], [ -78.766, 39.648 ], [ -78.826, 39.589 ], [ -78.816, 39.563 ], [ -78.893, 39.524 ], [ -78.959, 39.463 ], [ -78.956, 39.44 ], [ -79.047, 39.484 ], [ -79.102, 39.476 ], [ -79.111, 39.432 ], [ -79.159, 39.417 ], [ -79.162, 39.388 ], [ -79.257, 39.357 ], [ -79.291, 39.299 ], [ -79.346, 39.294 ], [ -79.474, 39.202 ], [ -79.476, 39.721 ], [ -76.789, 39.721 ], [ -76.87, 39.489 ], [ -76.788, 39.721 ], [ -76.241, 39.721 ], [ -76.083, 39.543 ], [ -76.134, 39.488 ], [ -76.072, 39.475 ], [ -76.061, 39.448 ], [ -76.095, 39.445 ], [ -76.083, 39.47 ], [ -76.104, 39.473 ], [ -76.1, 39.444 ], [ -76.181, 39.378 ], [ -76.167, 39.398 ], [ -76.222, 39.39 ], [ -76.227, 39.413 ], [ -76.229, 39.379 ], [ -76.186, 39.382 ], [ -76.229, 39.349 ], [ -76.255, 39.377 ], [ -76.219, 39.478 ], [ -76.281, 39.449 ], [ -76.248, 39.435 ], [ -76.255, 39.412 ], [ -76.286, 39.412 ], [ -76.266, 39.393 ], [ -76.284, 39.397 ], [ -76.268, 39.388 ], [ -76.288, 39.368 ], [ -76.256, 39.337 ], [ -76.282, 39.299 ], [ -76.295, 39.349 ], [ -76.323, 39.357 ], [ -76.311, 39.387 ], [ -76.37, 39.404 ], [ -76.373, 39.381 ], [ -76.413, 39.386 ], [ -76.421, 39.383 ], [ -76.339, 39.374 ], [ -76.33, 39.335 ], [ -76.363, 39.361 ], [ -76.356, 39.335 ], [ -76.385, 39.347 ], [ -76.362, 39.327 ], [ -76.389, 39.327 ], [ -76.365, 39.312 ], [ -76.384, 39.298 ], [ -76.402, 39.337 ], [ -76.411, 39.308 ], [ -76.446, 39.329 ], [ -76.42, 39.311 ], [ -76.433, 39.3 ], [ -76.399, 39.296 ], [ -76.418, 39.283 ], [ -76.381, 39.284 ], [ -76.407, 39.247 ], [ -76.436, 39.254 ], [ -76.429, 39.29 ], [ -76.454, 39.286 ], [ -76.452, 39.305 ], [ -76.506, 39.306 ], [ -76.45, 39.272 ], [ -76.454, 39.245 ], [ -76.398, 39.237 ], [ -76.441, 39.195 ], [ -76.436, 39.229 ], [ -76.463, 39.227 ], [ -76.462, 39.204 ], [ -76.501, 39.208 ], [ -76.465, 39.262 ], [ -76.473, 39.274 ], [ -76.509, 39.255 ], [ -76.494, 39.245 ], [ -76.507, 39.243 ], [ -76.503, 39.232 ], [ -76.521, 39.223 ], [ -76.517, 39.242 ], [ -76.571, 39.277 ], [ -76.612, 39.285 ], [ -76.577, 39.264 ], [ -76.61, 39.256 ], [ -76.623, 39.275 ], [ -76.631, 39.269 ], [ -76.619, 39.238 ], [ -76.579, 39.251 ], [ -76.558, 39.233 ], [ -76.582, 39.232 ], [ -76.583, 39.209 ], [ -76.534, 39.213 ], [ -76.55, 39.197 ], [ -76.532, 39.208 ], [ -76.536, 39.173 ], [ -76.517, 39.172 ], [ -76.561, 39.144 ], [ -76.513, 39.173 ], [ -76.501, 39.159 ], [ -76.516, 39.153 ], [ -76.524, 39.138 ], [ -76.477, 39.167 ], [ -76.44, 39.135 ], [ -76.472, 39.135 ], [ -76.448, 39.131 ], [ -76.446, 39.128 ], [ -76.476, 39.129 ], [ -76.48, 39.125 ], [ -76.487, 39.127 ], [ -76.481, 39.123 ], [ -76.452, 39.115 ], [ -76.431, 39.132 ], [ -76.422, 39.082 ], [ -76.451, 39.104 ], [ -76.44, 39.093 ], [ -76.505, 39.078 ], [ -76.534, 39.109 ], [ -76.527, 39.087 ], [ -76.547, 39.086 ], [ -76.517, 39.081 ], [ -76.534, 39.076 ], [ -76.532, 39.064 ], [ -76.457, 39.06 ], [ -76.466, 39.044 ], [ -76.439, 39.052 ], [ -76.395, 39.011 ], [ -76.424, 38.986 ], [ -76.425, 39.002 ], [ -76.42, 39.003 ], [ -76.422, 39.007 ], [ -76.417, 39.009 ], [ -76.417, 39.018 ], [ -76.428, 39.001 ], [ -76.431, 39.02 ], [ -76.447, 39.022 ], [ -76.446, 38.995 ], [ -76.45, 39.005 ], [ -76.474, 39.016 ], [ -76.45, 38.994 ], [ -76.455, 38.974 ], [ -76.547, 39.067 ], [ -76.565, 39.063 ], [ -76.558, 39.071 ], [ -76.579, 39.069 ], [ -76.599, 39.083 ], [ -76.616, 39.081 ], [ -76.561, 39.054 ], [ -76.579, 39.031 ], [ -76.502, 39.001 ], [ -76.525, 38.989 ], [ -76.476, 38.982 ], [ -76.507, 38.97 ], [ -76.505, 38.966 ], [ -76.48, 38.975 ], [ -76.477, 38.946 ], [ -76.45, 38.941 ], [ -76.47, 38.913 ], [ -76.538, 38.969 ], [ -76.553, 38.952 ], [ -76.604, 38.978 ], [ -76.572, 38.954 ], [ -76.587, 38.937 ], [ -76.543, 38.944 ], [ -76.551, 38.928 ], [ -76.491, 38.894 ], [ -76.51, 38.87 ], [ -76.527, 38.903 ], [ -76.554, 38.884 ], [ -76.52, 38.872 ], [ -76.544, 38.863 ], [ -76.553, 38.822 ], [ -76.539, 38.839 ], [ -76.523, 38.824 ], [ -76.528, 38.85 ], [ -76.496, 38.853 ], [ -76.49, 38.84 ], [ -76.536, 38.778 ], [ -76.561, 38.772 ], [ -76.554, 38.789 ], [ -76.562, 38.8 ], [ -76.571, 38.766 ], [ -76.527, 38.724 ], [ -76.512, 38.516 ], [ -76.381, 38.385 ], [ -76.421, 38.319 ], [ -76.451, 38.323 ], [ -76.429, 38.332 ], [ -76.44, 38.334 ], [ -76.429, 38.337 ], [ -76.425, 38.345 ], [ -76.428, 38.355 ], [ -76.444, 38.334 ], [ -76.448, 38.356 ], [ -76.455, 38.325 ], [ -76.462, 38.343 ], [ -76.455, 38.317 ], [ -76.484, 38.329 ], [ -76.459, 38.377 ], [ -76.48, 38.359 ], [ -76.499, 38.387 ], [ -76.47, 38.418 ], [ -76.488, 38.421 ], [ -76.481, 38.445 ], [ -76.506, 38.389 ], [ -76.542, 38.409 ], [ -76.535, 38.427 ], [ -76.54, 38.434 ], [ -76.54, 38.418 ], [ -76.554, 38.402 ], [ -76.549, 38.425 ], [ -76.602, 38.434 ], [ -76.588, 38.456 ], [ -76.595, 38.479 ], [ -76.606, 38.447 ], [ -76.646, 38.468 ], [ -76.668, 38.54 ], [ -76.646, 38.566 ], [ -76.674, 38.566 ], [ -76.667, 38.604 ], [ -76.676, 38.629 ], [ -76.691, 38.637 ], [ -76.682, 38.661 ], [ -76.685, 38.662 ], [ -76.694, 38.637 ], [ -76.674, 38.617 ], [ -76.678, 38.543 ], [ -76.704, 38.544 ], [ -76.674, 38.514 ], [ -76.702, 38.499 ], [ -76.669, 38.492 ], [ -76.69, 38.48 ], [ -76.658, 38.47 ], [ -76.672, 38.453 ], [ -76.591, 38.392 ], [ -76.501, 38.359 ], [ -76.499, 38.343 ], [ -76.51, 38.357 ], [ -76.535, 38.357 ], [ -76.49, 38.332 ], [ -76.485, 38.303 ], [ -76.373, 38.297 ], [ -76.399, 38.255 ], [ -76.321, 38.139 ], [ -76.34, 38.119 ], [ -76.351, 38.153 ], [ -76.363, 38.114 ], [ -76.33, 38.099 ], [ -76.322, 38.036 ], [ -76.344, 38.053 ], [ -76.326, 38.05 ], [ -76.328, 38.062 ], [ -76.354, 38.053 ], [ -76.373, 38.098 ], [ -76.406, 38.106 ], [ -76.382, 38.122 ], [ -76.391, 38.138 ], [ -76.406, 38.117 ], [ -76.42, 38.138 ], [ -76.422, 38.106 ], [ -76.441, 38.151 ], [ -76.404, 38.162 ], [ -76.439, 38.16 ], [ -76.429, 38.194 ], [ -76.45, 38.212 ], [ -76.48, 38.22 ], [ -76.441, 38.191 ], [ -76.466, 38.172 ], [ -76.45, 38.158 ], [ -76.479, 38.171 ], [ -76.459, 38.14 ], [ -76.463, 38.128 ], [ -76.527, 38.172 ], [ -76.499, 38.138 ], [ -76.529, 38.135 ], [ -76.59, 38.214 ], [ -76.687, 38.234 ], [ -76.628, 38.261 ], [ -76.627, 38.285 ], [ -76.653, 38.292 ], [ -76.632, 38.279 ], [ -76.697, 38.262 ], [ -76.698, 38.24 ], [ -76.719, 38.233 ], [ -76.7, 38.285 ], [ -76.727, 38.314 ], [ -76.731, 38.273 ], [ -76.713, 38.266 ], [ -76.746, 38.265 ], [ -76.73, 38.252 ], [ -76.744, 38.235 ], [ -76.764, 38.247 ], [ -76.752, 38.222 ], [ -76.777, 38.226 ], [ -76.841, 38.336 ], [ -76.801, 38.359 ], [ -76.838, 38.351 ], [ -76.908, 38.401 ], [ -76.924, 38.387 ], [ -76.922, 38.383 ], [ -76.86, 38.365 ], [ -76.878, 38.331 ], [ -76.845, 38.299 ], [ -76.87, 38.291 ], [ -76.833, 38.274 ], [ -76.925, 38.29 ], [ -76.922, 38.313 ], [ -76.895, 38.295 ], [ -76.895, 38.307 ], [ -76.932, 38.34 ], [ -76.978, 38.341 ], [ -77.033, 38.47 ], [ -77.018, 38.493 ], [ -77.027, 38.506 ], [ -77.058, 38.454 ], [ -77.042, 38.444 ], [ -77.106, 38.406 ], [ -77.095, 38.454 ], [ -77.138, 38.446 ], [ -77.138, 38.464 ], [ -77.151, 38.454 ], [ -77.139, 38.441 ], [ -77.119, 38.442 ], [ -77.124, 38.411 ], [ -77.206, 38.36 ], [ -77.25, 38.383 ], [ -77.274, 38.482 ] ], [ [ -76.7, 38.668 ], [ -76.689, 38.671 ], [ -76.686, 38.688 ], [ -76.701, 38.71 ], [ -76.683, 38.738 ], [ -76.686, 38.748 ], [ -76.7, 38.735 ], [ -76.704, 38.693 ], [ -76.689, 38.68 ], [ -76.702, 38.667 ], [ -76.685, 38.662 ], [ -76.7, 38.668 ] ], [ [ -76.686, 38.749 ], [ -76.697, 38.75 ], [ -76.701, 38.768 ], [ -76.712, 38.774 ], [ -76.697, 38.748 ], [ -76.686, 38.748 ], [ -76.686, 38.749 ] ], [ [ -76.924, 38.403 ], [ -76.933, 38.417 ], [ -76.924, 38.387 ], [ -76.924, 38.403 ] ] ], [ [ [ -76.312, 39.035 ], [ -76.281, 38.978 ], [ -76.244, 38.981 ], [ -76.277, 38.964 ], [ -76.252, 38.954 ], [ -76.249, 38.922 ], [ -76.292, 38.955 ], [ -76.293, 38.903 ], [ -76.311, 38.932 ], [ -76.299, 38.943 ], [ -76.307, 38.951 ], [ -76.293, 38.967 ], [ -76.303, 38.976 ], [ -76.295, 38.98 ], [ -76.293, 38.987 ], [ -76.296, 38.995 ], [ -76.308, 38.974 ], [ -76.301, 38.959 ], [ -76.322, 38.963 ], [ -76.312, 38.944 ], [ -76.332, 38.958 ], [ -76.345, 38.952 ], [ -76.314, 38.934 ], [ -76.318, 38.911 ], [ -76.344, 38.931 ], [ -76.332, 38.864 ], [ -76.343, 38.875 ], [ -76.367, 38.836 ], [ -76.362, 38.927 ], [ -76.312, 39.035 ] ] ], [ [ [ -75.97, 38.016 ], [ -75.994, 38.007 ], [ -75.995, 37.954 ], [ -76.025, 37.965 ], [ -76.014, 37.99 ], [ -75.999, 37.969 ], [ -76.002, 37.996 ], [ -76.049, 38.004 ], [ -76.042, 38.032 ], [ -75.97, 38.016 ] ] ], [ [ [ -75.107, 38.317 ], [ -75.09, 38.322 ], [ -75.188, 38.108 ], [ -75.243, 38.028 ], [ -75.26, 38.025 ], [ -75.215, 38.072 ], [ -75.225, 38.091 ], [ -75.2, 38.101 ], [ -75.107, 38.317 ] ] ], [ [ [ -75.09, 38.451 ], [ -75.133, 38.448 ], [ -75.101, 38.389 ], [ -75.189, 38.426 ], [ -75.173, 38.408 ], [ -75.196, 38.407 ], [ -75.125, 38.389 ], [ -75.155, 38.38 ], [ -75.131, 38.36 ], [ -75.167, 38.357 ], [ -75.129, 38.34 ], [ -75.118, 38.368 ], [ -75.096, 38.33 ], [ -75.142, 38.283 ], [ -75.152, 38.247 ], [ -75.19, 38.23 ], [ -75.193, 38.208 ], [ -75.207, 38.236 ], [ -75.181, 38.265 ], [ -75.244, 38.234 ], [ -75.292, 38.108 ], [ -75.359, 38.085 ], [ -75.357, 38.032 ], [ -75.381, 38.032 ], [ -75.377, 38.016 ], [ -75.622, 38.006 ], [ -75.655, 37.953 ], [ -75.714, 37.977 ], [ -75.737, 37.963 ], [ -75.749, 37.992 ], [ -75.747, 37.97 ], [ -75.819, 37.967 ], [ -75.818, 37.941 ], [ -75.85, 37.924 ], [ -75.865, 37.953 ], [ -75.847, 37.965 ], [ -75.867, 37.966 ], [ -75.851, 38.004 ], [ -75.899, 37.975 ], [ -75.859, 38.01 ], [ -75.872, 38.034 ], [ -75.817, 38.019 ], [ -75.83, 38.043 ], [ -75.78, 38.039 ], [ -75.804, 38.05 ], [ -75.767, 38.075 ], [ -75.773, 38.093 ], [ -75.762, 38.085 ], [ -75.747, 38.088 ], [ -75.781, 38.098 ], [ -75.8, 38.062 ], [ -75.859, 38.06 ], [ -75.873, 38.09 ], [ -75.855, 38.083 ], [ -75.85, 38.088 ], [ -75.861, 38.089 ], [ -75.866, 38.099 ], [ -75.843, 38.113 ], [ -75.852, 38.097 ], [ -75.828, 38.1 ], [ -75.828, 38.133 ], [ -75.771, 38.13 ], [ -75.759, 38.142 ], [ -75.788, 38.146 ], [ -75.758, 38.153 ], [ -75.748, 38.159 ], [ -75.748, 38.164 ], [ -75.808, 38.14 ], [ -75.814, 38.166 ], [ -75.851, 38.144 ], [ -75.856, 38.17 ], [ -75.869, 38.135 ], [ -75.881, 38.173 ], [ -75.91, 38.175 ], [ -75.888, 38.153 ], [ -75.907, 38.138 ], [ -75.953, 38.176 ], [ -75.824, 38.209 ], [ -75.818, 38.236 ], [ -75.861, 38.233 ], [ -75.741, 38.279 ], [ -75.762, 38.305 ], [ -75.773, 38.275 ], [ -75.803, 38.257 ], [ -75.872, 38.242 ], [ -75.862, 38.25 ], [ -75.878, 38.264 ], [ -75.896, 38.228 ], [ -75.921, 38.264 ], [ -75.883, 38.329 ], [ -75.863, 38.325 ], [ -75.855, 38.328 ], [ -75.876, 38.332 ], [ -75.856, 38.373 ], [ -75.821, 38.388 ], [ -75.833, 38.421 ], [ -75.817, 38.429 ], [ -75.807, 38.459 ], [ -75.815, 38.486 ], [ -75.799, 38.488 ], [ -75.762, 38.505 ], [ -75.752, 38.516 ], [ -75.745, 38.536 ], [ -75.723, 38.541 ], [ -75.708, 38.551 ], [ -75.704, 38.56 ], [ -75.693, 38.46 ], [ -75.09, 38.451 ] ], [ [ -75.725, 38.323 ], [ -75.736, 38.33 ], [ -75.76, 38.311 ], [ -75.762, 38.305 ], [ -75.725, 38.323 ] ] ], [ [ [ -76.255, 38.622 ], [ -76.236, 38.628 ], [ -76.209, 38.599 ], [ -76.201, 38.614 ], [ -76.176, 38.628 ], [ -76.17, 38.629 ], [ -76.181, 38.598 ], [ -76.141, 38.605 ], [ -76.111, 38.57 ], [ -76.112, 38.584 ], [ -76.09, 38.593 ], [ -76.08, 38.592 ], [ -76.073, 38.565 ], [ -76.019, 38.554 ], [ -75.947, 38.613 ], [ -75.976, 38.617 ], [ -75.97, 38.632 ], [ -75.918, 38.63 ], [ -75.961, 38.635 ], [ -75.951, 38.666 ], [ -75.937, 38.675 ], [ -75.937, 38.68 ], [ -76.013, 38.725 ], [ -75.995, 38.736 ], [ -75.999, 38.754 ], [ -75.975, 38.766 ], [ -75.966, 38.774 ], [ -75.968, 38.78 ], [ -76.001, 38.756 ], [ -75.997, 38.737 ], [ -76.017, 38.729 ], [ -75.997, 38.696 ], [ -75.95, 38.674 ], [ -76.025, 38.579 ], [ -76.038, 38.594 ], [ -76.019, 38.603 ], [ -76.038, 38.604 ], [ -76.04, 38.587 ], [ -76.084, 38.617 ], [ -76.076, 38.632 ], [ -76.115, 38.615 ], [ -76.109, 38.643 ], [ -76.078, 38.652 ], [ -76.09, 38.66 ], [ -76.115, 38.65 ], [ -76.122, 38.629 ], [ -76.148, 38.637 ], [ -76.154, 38.66 ], [ -76.095, 38.672 ], [ -76.091, 38.688 ], [ -76.161, 38.661 ], [ -76.176, 38.675 ], [ -76.163, 38.699 ], [ -76.113, 38.691 ], [ -76.142, 38.697 ], [ -76.128, 38.713 ], [ -76.106, 38.703 ], [ -76.087, 38.71 ], [ -76.093, 38.725 ], [ -76.142, 38.712 ], [ -76.137, 38.731 ], [ -76.075, 38.732 ], [ -76.119, 38.742 ], [ -76.095, 38.767 ], [ -76.076, 38.756 ], [ -76.087, 38.777 ], [ -76.134, 38.765 ], [ -76.122, 38.743 ], [ -76.146, 38.744 ], [ -76.153, 38.705 ], [ -76.163, 38.736 ], [ -76.171, 38.71 ], [ -76.185, 38.719 ], [ -76.189, 38.716 ], [ -76.2, 38.671 ], [ -76.22, 38.697 ], [ -76.196, 38.707 ], [ -76.229, 38.717 ], [ -76.227, 38.698 ], [ -76.238, 38.736 ], [ -76.216, 38.72 ], [ -76.187, 38.724 ], [ -76.183, 38.74 ], [ -76.225, 38.751 ], [ -76.226, 38.782 ], [ -76.236, 38.763 ], [ -76.255, 38.773 ], [ -76.238, 38.807 ], [ -76.264, 38.789 ], [ -76.257, 38.812 ], [ -76.271, 38.795 ], [ -76.29, 38.815 ], [ -76.273, 38.784 ], [ -76.3, 38.794 ], [ -76.292, 38.774 ], [ -76.321, 38.768 ], [ -76.339, 38.669 ], [ -76.343, 38.751 ], [ -76.303, 38.826 ], [ -76.255, 38.863 ], [ -76.266, 38.829 ], [ -76.212, 38.807 ], [ -76.222, 38.785 ], [ -76.178, 38.743 ], [ -76.139, 38.786 ], [ -76.091, 38.797 ], [ -76.126, 38.809 ], [ -76.105, 38.844 ], [ -76.154, 38.777 ], [ -76.176, 38.786 ], [ -76.152, 38.797 ], [ -76.182, 38.788 ], [ -76.172, 38.77 ], [ -76.192, 38.793 ], [ -76.16, 38.827 ], [ -76.2, 38.802 ], [ -76.172, 38.843 ], [ -76.194, 38.833 ], [ -76.192, 38.859 ], [ -76.141, 38.859 ], [ -76.161, 38.879 ], [ -76.111, 38.857 ], [ -76.122, 38.88 ], [ -76.062, 38.886 ], [ -76.08, 38.902 ], [ -76.102, 38.888 ], [ -76.101, 38.94 ], [ -76.119, 38.919 ], [ -76.106, 38.888 ], [ -76.135, 38.917 ], [ -76.165, 38.909 ], [ -76.146, 38.943 ], [ -76.15, 38.963 ], [ -76.164, 38.953 ], [ -76.175, 38.893 ], [ -76.205, 38.853 ], [ -76.185, 38.904 ], [ -76.204, 38.894 ], [ -76.207, 38.946 ], [ -76.234, 38.942 ], [ -76.214, 38.956 ], [ -76.244, 38.966 ], [ -76.246, 38.976 ], [ -76.201, 38.963 ], [ -76.146, 38.996 ], [ -76.183, 39.046 ], [ -76.167, 39.063 ], [ -76.164, 39.043 ], [ -76.135, 39.035 ], [ -76.164, 39.058 ], [ -76.15, 39.079 ], [ -76.104, 39.08 ], [ -76.087, 39.058 ], [ -76.071, 39.053 ], [ -76.104, 39.093 ], [ -76.145, 39.092 ], [ -76.097, 39.111 ], [ -76.068, 39.136 ], [ -76.076, 39.149 ], [ -75.997, 39.153 ], [ -76.042, 39.162 ], [ -76.038, 39.188 ], [ -76.065, 39.191 ], [ -76.056, 39.208 ], [ -76.021, 39.214 ], [ -76.034, 39.221 ], [ -75.992, 39.232 ], [ -75.986, 39.245 ], [ -75.946, 39.231 ], [ -75.887, 39.249 ], [ -76.008, 39.246 ], [ -76.076, 39.202 ], [ -76.071, 39.186 ], [ -76.042, 39.173 ], [ -76.065, 39.158 ], [ -76.075, 39.162 ], [ -76.084, 39.15 ], [ -76.09, 39.157 ], [ -76.098, 39.15 ], [ -76.075, 39.139 ], [ -76.168, 39.095 ], [ -76.165, 39.119 ], [ -76.119, 39.143 ], [ -76.143, 39.144 ], [ -76.141, 39.169 ], [ -76.163, 39.127 ], [ -76.181, 39.156 ], [ -76.161, 39.177 ], [ -76.178, 39.185 ], [ -76.189, 39.142 ], [ -76.17, 39.128 ], [ -76.194, 39.13 ], [ -76.172, 39.112 ], [ -76.196, 39.091 ], [ -76.214, 39.102 ], [ -76.204, 39.109 ], [ -76.207, 39.113 ], [ -76.203, 39.116 ], [ -76.205, 39.122 ], [ -76.227, 39.129 ], [ -76.226, 39.103 ], [ -76.204, 39.085 ], [ -76.211, 39.055 ], [ -76.215, 39.059 ], [ -76.215, 39.076 ], [ -76.222, 39.087 ], [ -76.226, 39.053 ], [ -76.238, 39.131 ], [ -76.262, 39.141 ], [ -76.238, 39.169 ], [ -76.278, 39.148 ], [ -76.215, 39.267 ], [ -76.178, 39.234 ], [ -76.2, 39.279 ], [ -76.181, 39.292 ], [ -76.175, 39.268 ], [ -76.165, 39.277 ], [ -76.157, 39.272 ], [ -76.145, 39.277 ], [ -76.168, 39.279 ], [ -76.146, 39.298 ], [ -76.167, 39.288 ], [ -76.186, 39.319 ], [ -76.154, 39.335 ], [ -76.145, 39.334 ], [ -76.149, 39.323 ], [ -76.148, 39.315 ], [ -76.143, 39.313 ], [ -76.115, 39.312 ], [ -76.145, 39.326 ], [ -76.13, 39.333 ], [ -76.133, 39.333 ], [ -76.111, 39.373 ], [ -76.04, 39.368 ], [ -76.036, 39.349 ], [ -75.994, 39.371 ], [ -75.981, 39.341 ], [ -75.966, 39.371 ], [ -75.914, 39.344 ], [ -75.916, 39.364 ], [ -75.892, 39.348 ], [ -75.819, 39.364 ], [ -75.836, 39.371 ], [ -75.819, 39.383 ], [ -75.887, 39.363 ], [ -75.903, 39.368 ], [ -75.885, 39.382 ], [ -75.944, 39.371 ], [ -75.913, 39.383 ], [ -75.921, 39.397 ], [ -75.936, 39.379 ], [ -75.983, 39.388 ], [ -75.979, 39.37 ], [ -76.04, 39.395 ], [ -75.977, 39.414 ], [ -76.006, 39.415 ], [ -75.966, 39.463 ], [ -75.944, 39.448 ], [ -75.935, 39.456 ], [ -75.947, 39.473 ], [ -75.822, 39.441 ], [ -75.861, 39.456 ], [ -75.792, 39.461 ], [ -75.866, 39.461 ], [ -75.885, 39.488 ], [ -75.925, 39.488 ], [ -75.863, 39.527 ], [ -75.807, 39.525 ], [ -75.78, 39.535 ], [ -75.748, 39.144 ], [ -75.791, 39.133 ], [ -75.748, 39.143 ], [ -75.701, 38.561 ], [ -75.704, 38.56 ], [ -75.707, 38.56 ], [ -75.727, 38.541 ], [ -75.747, 38.536 ], [ -75.764, 38.506 ], [ -75.815, 38.489 ], [ -75.824, 38.482 ], [ -75.843, 38.387 ], [ -75.94, 38.307 ], [ -75.95, 38.237 ], [ -75.972, 38.234 ], [ -75.954, 38.247 ], [ -76.019, 38.309 ], [ -75.947, 38.348 ], [ -75.999, 38.374 ], [ -75.995, 38.358 ], [ -76.02, 38.363 ], [ -76.035, 38.358 ], [ -76.005, 38.355 ], [ -76.062, 38.305 ], [ -76.027, 38.281 ], [ -76.061, 38.25 ], [ -76.034, 38.217 ], [ -76.105, 38.26 ], [ -76.072, 38.268 ], [ -76.116, 38.291 ], [ -76.106, 38.303 ], [ -76.149, 38.272 ], [ -76.131, 38.308 ], [ -76.172, 38.322 ], [ -76.153, 38.32 ], [ -76.16, 38.35 ], [ -76.168, 38.332 ], [ -76.204, 38.381 ], [ -76.218, 38.365 ], [ -76.223, 38.395 ], [ -76.233, 38.348 ], [ -76.271, 38.375 ], [ -76.332, 38.473 ], [ -76.328, 38.499 ], [ -76.285, 38.503 ], [ -76.306, 38.479 ], [ -76.274, 38.451 ], [ -76.285, 38.483 ], [ -76.255, 38.492 ], [ -76.248, 38.523 ], [ -76.212, 38.513 ], [ -76.223, 38.54 ], [ -76.197, 38.516 ], [ -76.181, 38.528 ], [ -76.183, 38.506 ], [ -76.159, 38.501 ], [ -76.175, 38.53 ], [ -76.142, 38.518 ], [ -76.123, 38.528 ], [ -76.145, 38.533 ], [ -76.127, 38.548 ], [ -76.207, 38.535 ], [ -76.207, 38.554 ], [ -76.146, 38.573 ], [ -76.183, 38.589 ], [ -76.183, 38.562 ], [ -76.211, 38.558 ], [ -76.197, 38.583 ], [ -76.203, 38.592 ], [ -76.236, 38.541 ], [ -76.238, 38.603 ], [ -76.259, 38.564 ], [ -76.244, 38.537 ], [ -76.273, 38.578 ], [ -76.274, 38.543 ], [ -76.306, 38.573 ], [ -76.281, 38.569 ], [ -76.278, 38.579 ], [ -76.262, 38.589 ], [ -76.275, 38.609 ], [ -76.255, 38.622 ] ], [ [ -76.123, 39.323 ], [ -76.086, 39.318 ], [ -76.091, 39.334 ], [ -76.13, 39.333 ], [ -76.123, 39.323 ] ] ], [ [ [ -76.244, 38.75 ], [ -76.292, 38.757 ], [ -76.286, 38.737 ], [ -76.255, 38.74 ], [ -76.29, 38.731 ], [ -76.271, 38.709 ], [ -76.299, 38.719 ], [ -76.304, 38.752 ], [ -76.27, 38.772 ], [ -76.264, 38.789 ], [ -76.244, 38.75 ] ] ], [ [ [ -75.824, 39.537 ], [ -75.878, 39.524 ], [ -75.828, 39.565 ], [ -75.867, 39.572 ], [ -75.898, 39.515 ], [ -75.94, 39.518 ], [ -75.927, 39.505 ], [ -76.009, 39.449 ], [ -75.946, 39.595 ], [ -76.006, 39.539 ], [ -76.034, 39.568 ], [ -76.067, 39.547 ], [ -76.225, 39.721 ], [ -75.788, 39.723 ], [ -75.78, 39.537 ], [ -75.824, 39.537 ] ] ] ] } },
{ "type": "Feature", "properties": { "st": "ME", "name": "Maine", "k": 2, "eD": 1, "eDiss": 0.2095, "oD": 1, "oDiss": 0.1936, "voteD": 0.5467, "pop": 1362359 }, "geometry": { "type": "Polygon", "coordinates": [ [ [ -70.826, 43.126 ], [ -70.818, 43.238 ], [ -70.973, 43.348 ], [ -70.988, 43.39 ], [ -70.961, 43.438 ], [ -70.976, 43.479 ], [ -70.951, 43.552 ], [ -70.973, 43.57 ], [ -71.084, 45.306 ], [ -71.009, 45.319 ], [ -71.01, 45.347 ], [ -70.952, 45.34 ], [ -70.918, 45.312 ], [ -70.898, 45.242 ], [ -70.858, 45.229 ], [ -70.808, 45.312 ], [ -70.803, 45.368 ], [ -70.826, 45.398 ], [ -70.799, 45.426 ], [ -70.635, 45.383 ], [ -70.63, 45.426 ], [ -70.681, 45.452 ], [ -70.723, 45.514 ], [ -70.676, 45.553 ], [ -70.687, 45.57 ], [ -70.558, 45.667 ], [ -70.4, 45.72 ], [ -70.384, 45.735 ], [ -70.417, 45.795 ], [ -70.259, 45.891 ], [ -70.263, 45.924 ], [ -70.24, 45.944 ], [ -70.315, 45.963 ], [ -70.284, 45.995 ], [ -70.318, 46.019 ], [ -70.278, 46.056 ], [ -70.311, 46.065 ], [ -70.302, 46.083 ], [ -70.253, 46.1 ], [ -70.237, 46.146 ], [ -70.293, 46.191 ], [ -70.205, 46.3 ], [ -70.192, 46.35 ], [ -70.057, 46.415 ], [ -69.997, 46.696 ], [ -69.225, 47.46 ], [ -69.044, 47.427 ], [ -69.05, 47.257 ], [ -68.899, 47.178 ], [ -68.717, 47.24 ], [ -68.607, 47.247 ], [ -68.579, 47.287 ], [ -68.378, 47.288 ], [ -68.378, 47.343 ], [ -68.328, 47.36 ], [ -68.155, 47.325 ], [ -67.957, 47.2 ], [ -67.883, 47.105 ], [ -67.79, 47.067 ], [ -67.782, 45.944 ], [ -67.751, 45.918 ], [ -67.803, 45.883 ], [ -67.755, 45.823 ], [ -67.802, 45.803 ], [ -67.806, 45.755 ], [ -67.782, 45.731 ], [ -67.809, 45.729 ], [ -67.819, 45.694 ], [ -67.732, 45.663 ], [ -67.735, 45.689 ], [ -67.71, 45.681 ], [ -67.646, 45.613 ], [ -67.519, 45.587 ], [ -67.451, 45.603 ], [ -67.423, 45.572 ], [ -67.435, 45.528 ], [ -67.416, 45.502 ], [ -67.504, 45.487 ], [ -67.419, 45.377 ], [ -67.489, 45.282 ], [ -67.405, 45.16 ], [ -67.341, 45.125 ], [ -67.295, 45.148 ], [ -67.283, 45.192 ], [ -67.159, 45.162 ], [ -67.022, 44.954 ], [ -66.969, 44.91 ], [ -66.975, 44.841 ], [ -66.885, 44.795 ], [ -67.191, 44.58 ], [ -67.444, 44.505 ], [ -67.455, 44.465 ], [ -67.512, 44.421 ], [ -67.628, 44.384 ], [ -67.775, 44.411 ], [ -67.806, 44.391 ], [ -67.795, 44.361 ], [ -67.824, 44.327 ], [ -67.875, 44.317 ], [ -67.926, 44.342 ], [ -68.0, 44.281 ], [ -68.128, 44.264 ], [ -68.122, 44.227 ], [ -68.17, 44.19 ], [ -68.176, 44.125 ], [ -68.203, 44.099 ], [ -68.264, 44.091 ], [ -68.312, 44.053 ], [ -68.437, 44.053 ], [ -68.585, 43.954 ], [ -68.721, 43.962 ], [ -68.743, 43.943 ], [ -68.68, 43.924 ], [ -68.667, 43.875 ], [ -68.785, 43.805 ], [ -68.787, 43.768 ], [ -68.827, 43.735 ], [ -68.925, 43.75 ], [ -69.009, 43.799 ], [ -69.023, 43.842 ], [ -69.056, 43.859 ], [ -69.149, 43.796 ], [ -69.262, 43.816 ], [ -69.233, 43.781 ], [ -69.239, 43.75 ], [ -69.335, 43.705 ], [ -69.387, 43.736 ], [ -69.387, 43.799 ], [ -69.409, 43.811 ], [ -69.506, 43.778 ], [ -69.55, 43.708 ], [ -69.664, 43.712 ], [ -69.73, 43.657 ], [ -69.855, 43.647 ], [ -70.156, 43.525 ], [ -70.319, 43.39 ], [ -70.367, 43.323 ], [ -70.494, 43.287 ], [ -70.521, 43.252 ], [ -70.506, 43.219 ], [ -70.521, 43.155 ], [ -70.442, 43.167 ], [ -70.405, 43.109 ], [ -70.459, 43.072 ], [ -70.525, 43.089 ], [ -70.54, 43.13 ], [ -70.582, 43.096 ], [ -70.6, 43.057 ], [ -70.551, 43.043 ], [ -70.529, 43.006 ], [ -70.54, 42.944 ], [ -70.573, 42.917 ], [ -70.611, 42.979 ], [ -70.701, 43.045 ], [ -70.707, 43.075 ], [ -70.757, 43.08 ], [ -70.826, 43.126 ] ] ] } },
{ "type": "Feature", "properties": { "st": "MI", "name": "Michigan", "k": 13, "eD": 7, "eDiss": 0.2627, "oD": 7, "oDiss": 0.2429, "voteD": 0.5141, "pop": 10077331 }, "geometry": { "type": "MultiPolygon", "coordinates": [ [ [ [ -86.471, 42.13 ], [ -86.354, 42.257 ], [ -86.299, 42.353 ], [ -86.247, 42.491 ], [ -86.208, 42.762 ], [ -86.252, 43.076 ], [ -86.427, 43.374 ], [ -86.541, 43.638 ], [ -86.446, 43.769 ], [ -86.431, 43.828 ], [ -86.462, 43.971 ], [ -86.516, 44.058 ], [ -86.421, 44.13 ], [ -86.269, 44.344 ], [ -86.221, 44.573 ], [ -86.255, 44.691 ], [ -86.09, 44.742 ], [ -86.066, 44.907 ], [ -85.986, 44.903 ], [ -85.931, 44.969 ], [ -85.871, 44.94 ], [ -85.81, 44.948 ], [ -85.618, 45.187 ], [ -85.588, 45.18 ], [ -85.541, 45.211 ], [ -85.527, 45.187 ], [ -85.562, 45.16 ], [ -85.559, 45.134 ], [ -85.571, 45.156 ], [ -85.615, 45.127 ], [ -85.566, 45.047 ], [ -85.589, 45.055 ], [ -85.649, 44.976 ], [ -85.599, 44.99 ], [ -85.6, 44.925 ], [ -85.626, 44.92 ], [ -85.652, 44.849 ], [ -85.641, 44.774 ], [ -85.596, 44.767 ], [ -85.524, 44.896 ], [ -85.564, 44.895 ], [ -85.522, 44.974 ], [ -85.475, 44.992 ], [ -85.464, 44.962 ], [ -85.487, 44.959 ], [ -85.5, 44.856 ], [ -85.556, 44.819 ], [ -85.577, 44.761 ], [ -85.527, 44.748 ], [ -85.382, 44.975 ], [ -85.364, 45.109 ], [ -85.391, 45.218 ], [ -85.372, 45.272 ], [ -85.203, 45.362 ], [ -85.038, 45.362 ], [ -84.915, 45.394 ], [ -84.922, 45.423 ], [ -84.979, 45.419 ], [ -85.063, 45.451 ], [ -85.117, 45.542 ], [ -85.118, 45.579 ], [ -85.069, 45.635 ], [ -84.944, 45.71 ], [ -84.982, 45.752 ], [ -85.077, 45.766 ], [ -85.049, 45.769 ], [ -84.81, 45.745 ], [ -84.78, 45.765 ], [ -84.791, 45.782 ], [ -84.732, 45.789 ], [ -84.479, 45.656 ], [ -84.33, 45.665 ], [ -84.216, 45.635 ], [ -84.132, 45.567 ], [ -84.092, 45.496 ], [ -83.936, 45.493 ], [ -83.773, 45.418 ], [ -83.787, 45.41 ], [ -83.716, 45.415 ], [ -83.599, 45.352 ], [ -83.495, 45.34 ], [ -83.493, 45.36 ], [ -83.485, 45.33 ], [ -83.385, 45.274 ], [ -83.412, 45.239 ], [ -83.363, 45.166 ], [ -83.316, 45.142 ], [ -83.297, 45.089 ], [ -83.304, 45.092 ], [ -83.326, 45.086 ], [ -83.315, 45.054 ], [ -83.26, 45.025 ], [ -83.389, 45.076 ], [ -83.454, 45.038 ], [ -83.433, 45.005 ], [ -83.465, 45.003 ], [ -83.429, 44.929 ], [ -83.312, 44.883 ], [ -83.296, 44.742 ], [ -83.27, 44.714 ], [ -83.315, 44.608 ], [ -83.334, 44.336 ], [ -83.374, 44.328 ], [ -83.447, 44.252 ], [ -83.444, 44.272 ], [ -83.48, 44.28 ], [ -83.536, 44.251 ], [ -83.563, 44.105 ], [ -83.591, 44.079 ], [ -83.577, 44.049 ], [ -83.672, 44.041 ], [ -83.666, 44.019 ], [ -83.69, 44.026 ], [ -83.68, 43.988 ], [ -83.844, 43.997 ], [ -83.916, 43.9 ], [ -83.922, 43.803 ], [ -83.958, 43.761 ], [ -83.903, 43.669 ], [ -83.725, 43.618 ], [ -83.686, 43.584 ], [ -83.605, 43.637 ], [ -83.535, 43.722 ], [ -83.492, 43.7 ], [ -83.426, 43.801 ], [ -83.401, 43.806 ], [ -83.393, 43.848 ], [ -83.326, 43.883 ], [ -83.33, 43.903 ], [ -83.404, 43.917 ], [ -83.312, 43.919 ], [ -83.263, 43.975 ], [ -83.066, 44.004 ], [ -82.965, 44.069 ], [ -82.921, 44.071 ], [ -82.745, 43.998 ], [ -82.613, 43.779 ], [ -82.599, 43.593 ], [ -82.535, 43.431 ], [ -82.522, 43.225 ], [ -82.487, 43.102 ], [ -82.417, 43.006 ], [ -82.47, 42.888 ], [ -82.467, 42.762 ], [ -82.525, 42.606 ], [ -82.586, 42.553 ], [ -82.643, 42.554 ], [ -82.686, 42.519 ], [ -82.649, 42.56 ], [ -82.609, 42.561 ], [ -82.631, 42.586 ], [ -82.631, 42.566 ], [ -82.667, 42.572 ], [ -82.561, 42.617 ], [ -82.649, 42.63 ], [ -82.623, 42.67 ], [ -82.68, 42.69 ], [ -82.814, 42.641 ], [ -82.82, 42.616 ], [ -82.77, 42.594 ], [ -82.787, 42.593 ], [ -82.783, 42.564 ], [ -82.834, 42.568 ], [ -82.874, 42.524 ], [ -82.888, 42.397 ], [ -82.929, 42.359 ], [ -83.081, 42.31 ], [ -83.147, 42.235 ], [ -83.186, 42.097 ], [ -83.169, 42.073 ], [ -83.134, 42.084 ], [ -83.145, 42.028 ], [ -83.212, 42.019 ], [ -83.264, 41.931 ], [ -83.316, 41.936 ], [ -83.342, 41.88 ], [ -83.382, 41.872 ], [ -83.436, 41.816 ], [ -83.443, 41.801 ], [ -83.441, 41.781 ], [ -83.444, 41.774 ], [ -83.447, 41.793 ], [ -83.463, 41.785 ], [ -83.448, 41.78 ], [ -83.438, 41.759 ], [ -83.438, 41.752 ], [ -83.48, 41.749 ], [ -83.455, 41.732 ], [ -84.806, 41.697 ], [ -84.806, 41.76 ], [ -86.825, 41.76 ], [ -86.615, 41.899 ], [ -86.471, 42.13 ] ] ], [ [ [ -86.093, 45.009 ], [ -86.134, 44.997 ], [ -86.156, 45.014 ], [ -86.118, 45.048 ], [ -86.078, 45.033 ], [ -86.1, 45.027 ], [ -86.093, 45.009 ] ] ], [ [ [ -86.005, 45.056 ], [ -86.059, 45.101 ], [ -86.059, 45.153 ], [ -85.993, 45.153 ], [ -85.961, 45.061 ], [ -86.005, 45.056 ] ] ], [ [ [ -85.522, 45.743 ], [ -85.491, 45.607 ], [ -85.541, 45.575 ], [ -85.621, 45.582 ], [ -85.568, 45.759 ], [ -85.501, 45.754 ], [ -85.522, 45.743 ] ] ], [ [ [ -85.468, 45.807 ], [ -85.453, 45.776 ], [ -85.534, 45.8 ], [ -85.527, 45.829 ], [ -85.468, 45.807 ] ] ], [ [ [ -88.465, 46.788 ], [ -88.5, 46.759 ], [ -88.458, 46.756 ], [ -88.381, 46.839 ], [ -88.404, 46.848 ], [ -88.391, 46.867 ], [ -88.351, 46.857 ], [ -88.145, 46.967 ], [ -88.13, 46.962 ], [ -88.234, 46.895 ], [ -88.289, 46.822 ], [ -88.205, 46.896 ], [ -88.082, 46.92 ], [ -87.816, 46.891 ], [ -87.741, 46.865 ], [ -87.727, 46.826 ], [ -87.682, 46.842 ], [ -87.59, 46.782 ], [ -87.582, 46.729 ], [ -87.518, 46.692 ], [ -87.503, 46.648 ], [ -87.462, 46.636 ], [ -87.433, 46.59 ], [ -87.377, 46.591 ], [ -87.393, 46.571 ], [ -87.374, 46.547 ], [ -87.395, 46.533 ], [ -87.359, 46.503 ], [ -87.123, 46.494 ], [ -87.005, 46.534 ], [ -86.879, 46.439 ], [ -86.818, 46.437 ], [ -86.789, 46.479 ], [ -86.749, 46.479 ], [ -86.704, 46.44 ], [ -86.656, 46.443 ], [ -86.644, 46.41 ], [ -86.469, 46.552 ], [ -86.351, 46.577 ], [ -86.158, 46.67 ], [ -86.089, 46.655 ], [ -85.88, 46.691 ], [ -85.507, 46.676 ], [ -85.257, 46.753 ], [ -84.957, 46.773 ], [ -85.029, 46.696 ], [ -85.026, 46.546 ], [ -85.058, 46.522 ], [ -85.033, 46.487 ], [ -84.937, 46.489 ], [ -84.825, 46.444 ], [ -84.677, 46.488 ], [ -84.475, 46.453 ], [ -84.42, 46.501 ], [ -84.276, 46.493 ], [ -84.225, 46.534 ], [ -84.129, 46.531 ], [ -84.111, 46.504 ], [ -84.146, 46.419 ], [ -84.106, 46.322 ], [ -84.109, 46.242 ], [ -84.077, 46.187 ], [ -84.006, 46.149 ], [ -83.955, 46.057 ], [ -83.903, 46.061 ], [ -83.826, 46.119 ], [ -83.76, 46.103 ], [ -83.655, 46.122 ], [ -83.572, 46.106 ], [ -83.433, 45.999 ], [ -83.5, 45.926 ], [ -83.551, 45.914 ], [ -83.611, 45.943 ], [ -83.631, 45.929 ], [ -83.631, 45.958 ], [ -83.716, 45.93 ], [ -83.769, 45.955 ], [ -83.793, 45.934 ], [ -83.819, 45.965 ], [ -83.846, 45.952 ], [ -83.833, 45.965 ], [ -83.86, 45.974 ], [ -83.853, 45.988 ], [ -83.856, 45.993 ], [ -83.872, 45.967 ], [ -83.979, 45.969 ], [ -83.996, 45.945 ], [ -84.117, 45.984 ], [ -84.181, 45.983 ], [ -84.17, 45.965 ], [ -84.298, 45.998 ], [ -84.28, 45.973 ], [ -84.363, 45.996 ], [ -84.353, 45.97 ], [ -84.39, 45.999 ], [ -84.442, 46.009 ], [ -84.47, 46.008 ], [ -84.462, 45.969 ], [ -84.503, 45.999 ], [ -84.527, 45.968 ], [ -84.544, 46.023 ], [ -84.657, 46.053 ], [ -84.696, 46.025 ], [ -84.685, 45.973 ], [ -84.739, 45.944 ], [ -84.713, 45.919 ], [ -84.736, 45.913 ], [ -84.731, 45.87 ], [ -84.7, 45.855 ], [ -84.757, 45.84 ], [ -84.913, 45.925 ], [ -85.015, 46.011 ], [ -85.334, 46.092 ], [ -85.379, 46.075 ], [ -85.412, 46.102 ], [ -85.501, 46.097 ], [ -85.692, 45.958 ], [ -85.811, 45.98 ], [ -85.894, 45.967 ], [ -85.923, 45.947 ], [ -85.913, 45.92 ], [ -86.061, 45.965 ], [ -86.277, 45.944 ], [ -86.322, 45.909 ], [ -86.354, 45.791 ], [ -86.417, 45.793 ], [ -86.436, 45.76 ], [ -86.538, 45.745 ], [ -86.521, 45.735 ], [ -86.537, 45.709 ], [ -86.581, 45.712 ], [ -86.587, 45.667 ], [ -86.629, 45.66 ], [ -86.613, 45.6 ], [ -86.708, 45.648 ], [ -86.718, 45.678 ], [ -86.626, 45.745 ], [ -86.631, 45.783 ], [ -86.559, 45.769 ], [ -86.582, 45.794 ], [ -86.528, 45.852 ], [ -86.539, 45.89 ], [ -86.583, 45.899 ], [ -86.648, 45.833 ], [ -86.777, 45.864 ], [ -86.773, 45.812 ], [ -86.81, 45.792 ], [ -86.839, 45.722 ], [ -86.943, 45.702 ], [ -86.966, 45.668 ], [ -87.006, 45.833 ], [ -86.947, 45.877 ], [ -86.969, 45.905 ], [ -86.946, 45.903 ], [ -86.939, 45.916 ], [ -86.972, 45.918 ], [ -87.023, 45.859 ], [ -86.998, 45.847 ], [ -87.057, 45.813 ], [ -87.064, 45.756 ], [ -87.038, 45.742 ], [ -87.095, 45.703 ], [ -87.06, 45.709 ], [ -87.197, 45.639 ], [ -87.332, 45.45 ], [ -87.33, 45.422 ], [ -87.599, 45.15 ], [ -87.612, 45.119 ], [ -87.593, 45.095 ], [ -87.66, 45.107 ], [ -87.737, 45.172 ], [ -87.726, 45.232 ], [ -87.648, 45.34 ], [ -87.659, 45.37 ], [ -87.693, 45.391 ], [ -87.755, 45.349 ], [ -87.888, 45.355 ], [ -87.849, 45.403 ], [ -87.862, 45.434 ], [ -87.793, 45.5 ], [ -87.833, 45.562 ], [ -87.793, 45.563 ], [ -87.777, 45.589 ], [ -87.825, 45.648 ], [ -87.781, 45.681 ], [ -87.877, 45.754 ], [ -87.962, 45.758 ], [ -87.992, 45.795 ], [ -88.072, 45.78 ], [ -88.13, 45.81 ], [ -88.069, 45.873 ], [ -88.101, 45.882 ], [ -88.099, 45.92 ], [ -88.246, 45.964 ], [ -88.327, 45.955 ], [ -88.381, 45.992 ], [ -88.417, 45.975 ], [ -88.489, 45.991 ], [ -88.514, 46.02 ], [ -88.601, 46.018 ], [ -88.616, 45.988 ], [ -88.671, 45.988 ], [ -88.679, 46.013 ], [ -88.816, 46.02 ], [ -89.092, 46.138 ], [ -90.121, 46.337 ], [ -90.217, 46.501 ], [ -90.317, 46.517 ], [ -90.309, 46.537 ], [ -90.332, 46.553 ], [ -90.394, 46.532 ], [ -90.419, 46.566 ], [ -90.336, 46.608 ], [ -90.029, 46.674 ], [ -89.79, 46.819 ], [ -89.423, 46.841 ], [ -89.231, 46.912 ], [ -89.128, 46.993 ], [ -88.973, 47.002 ], [ -88.889, 47.101 ], [ -88.669, 47.221 ], [ -88.576, 47.245 ], [ -88.419, 47.372 ], [ -88.217, 47.449 ], [ -87.939, 47.48 ], [ -87.801, 47.474 ], [ -87.718, 47.442 ], [ -87.712, 47.402 ], [ -87.957, 47.387 ], [ -87.943, 47.336 ], [ -88.23, 47.198 ], [ -88.233, 47.145 ], [ -88.282, 47.137 ], [ -88.297, 47.099 ], [ -88.349, 47.077 ], [ -88.374, 47.011 ], [ -88.443, 46.975 ], [ -88.484, 46.832 ], [ -88.465, 46.788 ] ] ], [ [ [ -86.631, 46.537 ], [ -86.645, 46.485 ], [ -86.612, 46.495 ], [ -86.609, 46.469 ], [ -86.688, 46.456 ], [ -86.71, 46.545 ], [ -86.653, 46.561 ], [ -86.631, 46.537 ] ] ], [ [ [ -88.661, 48.121 ], [ -88.422, 48.191 ], [ -88.646, 48.062 ], [ -88.579, 48.09 ], [ -88.596, 48.076 ], [ -88.576, 48.061 ], [ -88.607, 48.042 ], [ -88.759, 47.983 ], [ -88.829, 47.981 ], [ -89.006, 47.898 ], [ -88.899, 47.903 ], [ -88.912, 47.891 ], [ -89.12, 47.828 ], [ -89.235, 47.853 ], [ -89.201, 47.882 ], [ -89.216, 47.888 ], [ -89.153, 47.917 ], [ -89.223, 47.895 ], [ -89.18, 47.935 ], [ -88.686, 48.113 ], [ -88.712, 48.083 ], [ -88.661, 48.121 ] ] ], [ [ [ -84.356, 45.77 ], [ -84.419, 45.72 ], [ -84.501, 45.737 ], [ -84.589, 45.816 ], [ -84.434, 45.787 ], [ -84.42, 45.812 ], [ -84.356, 45.77 ] ] ], [ [ [ -84.356, 45.95 ], [ -84.391, 45.949 ], [ -84.379, 45.931 ], [ -84.433, 45.959 ], [ -84.412, 45.979 ], [ -84.43, 45.993 ], [ -84.387, 45.988 ], [ -84.356, 45.95 ] ] ], [ [ [ -83.175, 42.108 ], [ -83.171, 42.142 ], [ -83.142, 42.202 ], [ -83.149, 42.096 ], [ -83.175, 42.108 ] ] ] ] } },
{ "type": "Feature", "properties": { "st": "MN", "name": "Minnesota", "k": 8, "eD": 4, "eDiss": 0.2068, "oD": 4, "oDiss": 0.1766, "voteD": 0.5364, "pop": 5706494 }, "geometry": { "type": "Polygon", "coordinates": [ [ [ -96.453, 43.501 ], [ -96.453, 45.301 ], [ -96.52, 45.375 ], [ -96.691, 45.416 ], [ -96.857, 45.606 ], [ -96.838, 45.649 ], [ -96.666, 45.736 ], [ -96.582, 45.821 ], [ -96.562, 45.945 ], [ -96.578, 46.027 ], [ -96.555, 46.085 ], [ -96.593, 46.175 ], [ -96.6, 46.33 ], [ -96.722, 46.44 ], [ -96.747, 46.582 ], [ -96.798, 46.63 ], [ -96.776, 46.766 ], [ -96.803, 46.811 ], [ -96.78, 46.825 ], [ -96.781, 46.88 ], [ -96.752, 46.924 ], [ -96.791, 46.928 ], [ -96.795, 46.965 ], [ -96.823, 46.97 ], [ -96.839, 47.007 ], [ -96.813, 47.038 ], [ -96.842, 47.151 ], [ -96.821, 47.184 ], [ -96.844, 47.193 ], [ -96.827, 47.201 ], [ -96.847, 47.263 ], [ -96.831, 47.339 ], [ -96.858, 47.368 ], [ -96.838, 47.371 ], [ -96.854, 47.373 ], [ -96.839, 47.399 ], [ -96.872, 47.419 ], [ -96.853, 47.432 ], [ -96.865, 47.492 ], [ -96.842, 47.509 ], [ -96.871, 47.527 ], [ -96.846, 47.539 ], [ -96.862, 47.559 ], [ -96.847, 47.566 ], [ -96.869, 47.567 ], [ -96.85, 47.591 ], [ -96.931, 47.716 ], [ -96.935, 47.767 ], [ -96.991, 47.809 ], [ -96.974, 47.823 ], [ -97.023, 47.875 ], [ -97.018, 47.92 ], [ -97.055, 47.947 ], [ -97.072, 48.047 ], [ -97.123, 48.107 ], [ -97.123, 48.14 ], [ -97.147, 48.142 ], [ -97.121, 48.16 ], [ -97.148, 48.171 ], [ -97.14, 48.216 ], [ -97.118, 48.209 ], [ -97.137, 48.221 ], [ -97.152, 48.219 ], [ -97.121, 48.225 ], [ -97.144, 48.232 ], [ -97.123, 48.261 ], [ -97.145, 48.268 ], [ -97.112, 48.296 ], [ -97.156, 48.365 ], [ -97.133, 48.382 ], [ -97.163, 48.393 ], [ -97.132, 48.406 ], [ -97.153, 48.418 ], [ -97.122, 48.417 ], [ -97.145, 48.431 ], [ -97.126, 48.442 ], [ -97.151, 48.44 ], [ -97.129, 48.454 ], [ -97.147, 48.473 ], [ -97.127, 48.474 ], [ -97.163, 48.478 ], [ -97.132, 48.489 ], [ -97.151, 48.512 ], [ -97.127, 48.52 ], [ -97.166, 48.548 ], [ -97.14, 48.556 ], [ -97.175, 48.562 ], [ -97.149, 48.57 ], [ -97.134, 48.607 ], [ -97.151, 48.612 ], [ -97.119, 48.619 ], [ -97.132, 48.632 ], [ -97.11, 48.632 ], [ -97.09, 48.685 ], [ -97.137, 48.726 ], [ -97.162, 48.8 ], [ -97.182, 48.799 ], [ -97.158, 48.81 ], [ -97.191, 48.815 ], [ -97.178, 48.876 ], [ -97.234, 48.948 ], [ -97.234, 48.997 ], [ -95.154, 48.998 ], [ -95.153, 49.384 ], [ -95.058, 49.353 ], [ -94.958, 49.369 ], [ -94.816, 49.32 ], [ -94.797, 49.197 ], [ -94.75, 49.099 ], [ -94.75, 48.999 ], [ -94.719, 48.999 ], [ -94.683, 48.884 ], [ -94.705, 48.824 ], [ -94.691, 48.778 ], [ -94.537, 48.702 ], [ -94.292, 48.708 ], [ -94.224, 48.649 ], [ -93.844, 48.63 ], [ -93.804, 48.57 ], [ -93.819, 48.531 ], [ -93.793, 48.517 ], [ -93.517, 48.535 ], [ -93.468, 48.547 ], [ -93.466, 48.592 ], [ -93.255, 48.643 ], [ -93.178, 48.623 ], [ -92.95, 48.63 ], [ -92.95, 48.608 ], [ -92.729, 48.539 ], [ -92.635, 48.542 ], [ -92.627, 48.503 ], [ -92.699, 48.495 ], [ -92.712, 48.463 ], [ -92.656, 48.436 ], [ -92.508, 48.448 ], [ -92.457, 48.414 ], [ -92.469, 48.352 ], [ -92.37, 48.22 ], [ -92.27, 48.248 ], [ -92.306, 48.316 ], [ -92.263, 48.355 ], [ -92.056, 48.359 ], [ -92.0, 48.321 ], [ -92.006, 48.266 ], [ -91.954, 48.252 ], [ -91.958, 48.233 ], [ -91.715, 48.199 ], [ -91.725, 48.171 ], [ -91.697, 48.141 ], [ -91.711, 48.115 ], [ -91.559, 48.108 ], [ -91.568, 48.044 ], [ -91.268, 48.079 ], [ -91.082, 48.181 ], [ -90.886, 48.246 ], [ -90.839, 48.239 ], [ -90.836, 48.177 ], [ -90.779, 48.164 ], [ -90.798, 48.137 ], [ -90.751, 48.091 ], [ -90.58, 48.124 ], [ -90.556, 48.096 ], [ -90.141, 48.112 ], [ -90.023, 48.085 ], [ -89.995, 48.028 ], [ -89.896, 47.987 ], [ -89.775, 48.023 ], [ -89.651, 48.004 ], [ -89.611, 48.017 ], [ -89.581, 47.995 ], [ -89.492, 48.006 ], [ -89.6, 47.98 ], [ -89.622, 47.995 ], [ -89.65, 47.979 ], [ -89.639, 47.954 ], [ -89.679, 47.964 ], [ -89.794, 47.891 ], [ -90.08, 47.802 ], [ -90.531, 47.705 ], [ -90.777, 47.606 ], [ -91.046, 47.457 ], [ -91.465, 47.131 ], [ -91.572, 47.091 ], [ -91.778, 46.944 ], [ -92.089, 46.793 ], [ -92.02, 46.704 ], [ -92.116, 46.749 ], [ -92.146, 46.716 ], [ -92.206, 46.704 ], [ -92.177, 46.686 ], [ -92.207, 46.652 ], [ -92.292, 46.668 ], [ -92.295, 46.074 ], [ -92.333, 46.063 ], [ -92.352, 46.015 ], [ -92.428, 46.025 ], [ -92.469, 45.973 ], [ -92.528, 45.983 ], [ -92.552, 45.952 ], [ -92.708, 45.895 ], [ -92.766, 45.83 ], [ -92.782, 45.766 ], [ -92.869, 45.717 ], [ -92.884, 45.576 ], [ -92.77, 45.567 ], [ -92.646, 45.442 ], [ -92.65, 45.398 ], [ -92.763, 45.288 ], [ -92.767, 45.191 ], [ -92.74, 45.116 ], [ -92.803, 45.059 ], [ -92.763, 45.025 ], [ -92.751, 44.941 ], [ -92.775, 44.898 ], [ -92.766, 44.835 ], [ -92.808, 44.752 ], [ -92.633, 44.649 ], [ -92.622, 44.615 ], [ -92.568, 44.602 ], [ -92.547, 44.568 ], [ -92.339, 44.555 ], [ -92.229, 44.444 ], [ -91.969, 44.365 ], [ -91.92, 44.326 ], [ -91.924, 44.291 ], [ -91.897, 44.275 ], [ -91.875, 44.201 ], [ -91.721, 44.13 ], [ -91.59, 44.03 ], [ -91.432, 43.996 ], [ -91.284, 43.847 ], [ -91.244, 43.774 ], [ -91.273, 43.657 ], [ -91.218, 43.501 ], [ -96.453, 43.501 ] ] ] } },
{ "type": "Feature", "properties": { "st": "MO", "name": "Missouri", "k": 8, "eD": 2, "eDiss": 0.2708, "oD": 2, "oDiss": 0.2385, "voteD": 0.4216, "pop": 6154913 }, "geometry": { "type": "MultiPolygon", "coordinates": [ [ [ [ -94.618, 36.598 ], [ -94.609, 39.116 ], [ -94.588, 39.149 ], [ -94.66, 39.158 ], [ -94.673, 39.183 ], [ -94.741, 39.169 ], [ -94.831, 39.216 ], [ -94.831, 39.256 ], [ -94.907, 39.315 ], [ -94.885, 39.39 ], [ -94.942, 39.39 ], [ -95.107, 39.538 ], [ -95.103, 39.578 ], [ -95.051, 39.588 ], [ -95.054, 39.628 ], [ -95.025, 39.668 ], [ -94.971, 39.686 ], [ -94.963, 39.741 ], [ -94.901, 39.724 ], [ -94.866, 39.739 ], [ -94.867, 39.772 ], [ -94.911, 39.759 ], [ -94.936, 39.776 ], [ -94.877, 39.807 ], [ -94.94, 39.852 ], [ -94.927, 39.887 ], [ -95.004, 39.9 ], [ -95.04, 39.864 ], [ -95.129, 39.874 ], [ -95.15, 39.906 ], [ -95.203, 39.906 ], [ -95.205, 39.939 ], [ -95.25, 39.949 ], [ -95.315, 40.012 ], [ -95.412, 40.037 ], [ -95.393, 40.119 ], [ -95.479, 40.185 ], [ -95.477, 40.241 ], [ -95.552, 40.262 ], [ -95.562, 40.297 ], [ -95.658, 40.311 ], [ -95.622, 40.342 ], [ -95.701, 40.505 ], [ -95.662, 40.517 ], [ -95.655, 40.546 ], [ -95.679, 40.563 ], [ -95.709, 40.521 ], [ -95.757, 40.526 ], [ -95.765, 40.585 ], [ -94.072, 40.573 ], [ -91.729, 40.614 ], [ -91.686, 40.581 ], [ -91.689, 40.558 ], [ -91.62, 40.541 ], [ -91.622, 40.51 ], [ -91.575, 40.466 ], [ -91.526, 40.457 ], [ -91.524, 40.41 ], [ -91.464, 40.376 ], [ -91.42, 40.378 ], [ -91.491, 40.284 ], [ -91.511, 40.126 ], [ -91.496, 40.036 ], [ -91.42, 39.928 ], [ -91.447, 39.883 ], [ -91.436, 39.848 ], [ -91.362, 39.791 ], [ -91.369, 39.731 ], [ -91.182, 39.603 ], [ -91.154, 39.549 ], [ -91.1, 39.539 ], [ -91.038, 39.449 ], [ -90.731, 39.256 ], [ -90.681, 39.1 ], [ -90.714, 39.054 ], [ -90.663, 38.926 ], [ -90.623, 38.887 ], [ -90.562, 38.87 ], [ -90.472, 38.958 ], [ -90.396, 38.96 ], [ -90.25, 38.919 ], [ -90.11, 38.844 ], [ -90.124, 38.798 ], [ -90.21, 38.726 ], [ -90.177, 38.643 ], [ -90.192, 38.599 ], [ -90.258, 38.532 ], [ -90.291, 38.431 ], [ -90.372, 38.331 ], [ -90.356, 38.217 ], [ -90.217, 38.093 ], [ -90.13, 38.062 ], [ -90.114, 38.029 ], [ -90.058, 38.015 ], [ -90.0, 37.965 ], [ -89.924, 37.959 ], [ -89.975, 37.927 ], [ -89.938, 37.874 ], [ -89.898, 37.871 ], [ -89.842, 37.905 ], [ -89.786, 37.852 ], [ -89.669, 37.8 ], [ -89.664, 37.75 ], [ -89.617, 37.75 ], [ -89.584, 37.713 ], [ -89.517, 37.693 ], [ -89.518, 37.641 ], [ -89.475, 37.592 ], [ -89.519, 37.583 ], [ -89.517, 37.537 ], [ -89.42, 37.388 ], [ -89.433, 37.347 ], [ -89.489, 37.333 ], [ -89.518, 37.285 ], [ -89.459, 37.249 ], [ -89.456, 37.188 ], [ -89.377, 37.09 ], [ -89.383, 37.046 ], [ -89.279, 36.988 ], [ -89.26, 37.023 ], [ -89.308, 37.068 ], [ -89.254, 37.072 ], [ -89.186, 36.974 ], [ -89.125, 36.984 ], [ -89.099, 36.963 ], [ -89.138, 36.848 ], [ -89.179, 36.83 ], [ -89.171, 36.797 ], [ -89.117, 36.765 ], [ -89.198, 36.74 ], [ -89.16, 36.666 ], [ -89.204, 36.598 ], [ -89.264, 36.566 ], [ -89.298, 36.598 ], [ -89.344, 36.632 ], [ -89.38, 36.598 ], [ -89.418, 36.499 ], [ -89.464, 36.458 ], [ -89.495, 36.473 ], [ -89.466, 36.53 ], [ -89.48, 36.569 ], [ -89.567, 36.565 ], [ -89.519, 36.477 ], [ -89.545, 36.427 ], [ -89.51, 36.374 ], [ -89.532, 36.339 ], [ -89.606, 36.343 ], [ -89.62, 36.323 ], [ -89.54, 36.277 ], [ -89.534, 36.253 ], [ -89.702, 36.246 ], [ -89.592, 36.142 ], [ -89.679, 36.085 ], [ -89.707, 36.001 ], [ -90.378, 35.996 ], [ -90.32, 36.089 ], [ -90.235, 36.139 ], [ -90.22, 36.184 ], [ -90.126, 36.229 ], [ -90.065, 36.303 ], [ -90.082, 36.322 ], [ -90.063, 36.384 ], [ -90.139, 36.414 ], [ -90.152, 36.497 ], [ -94.618, 36.5 ], [ -94.618, 36.598 ] ] ] ] } },
{ "type": "Feature", "properties": { "st": "MS", "name": "Mississippi", "k": 4, "eD": 1, "eDiss": 0.4335, "oD": 1, "oDiss": 0.4298, "voteD": 0.4162, "pop": 2961279 }, "geometry": { "type": "Polygon", "coordinates": [ [ [ -91.564, 31.067 ], [ -91.627, 31.121 ], [ -91.59, 31.194 ], [ -91.655, 31.25 ], [ -91.512, 31.284 ], [ -91.509, 31.315 ], [ -91.577, 31.41 ], [ -91.541, 31.431 ], [ -91.516, 31.37 ], [ -91.472, 31.371 ], [ -91.515, 31.45 ], [ -91.523, 31.522 ], [ -91.442, 31.543 ], [ -91.404, 31.59 ], [ -91.486, 31.587 ], [ -91.515, 31.632 ], [ -91.401, 31.621 ], [ -91.398, 31.709 ], [ -91.369, 31.747 ], [ -91.266, 31.752 ], [ -91.279, 31.773 ], [ -91.365, 31.761 ], [ -91.346, 31.844 ], [ -91.294, 31.86 ], [ -91.283, 31.816 ], [ -91.254, 31.813 ], [ -91.268, 31.862 ], [ -91.182, 31.916 ], [ -91.185, 31.965 ], [ -91.075, 32.017 ], [ -91.154, 32.051 ], [ -91.159, 32.073 ], [ -91.081, 32.048 ], [ -91.081, 32.078 ], [ -91.007, 32.14 ], [ -91.003, 32.162 ], [ -91.059, 32.181 ], [ -91.053, 32.124 ], [ -91.163, 32.133 ], [ -91.165, 32.197 ], [ -91.04, 32.242 ], [ -90.994, 32.193 ], [ -90.97, 32.252 ], [ -90.979, 32.294 ], [ -90.923, 32.299 ], [ -90.876, 32.372 ], [ -90.912, 32.339 ], [ -90.994, 32.354 ], [ -90.97, 32.439 ], [ -91.052, 32.438 ], [ -91.116, 32.483 ], [ -91.093, 32.549 ], [ -91.038, 32.49 ], [ -90.987, 32.496 ], [ -91.081, 32.556 ], [ -91.008, 32.605 ], [ -91.016, 32.642 ], [ -91.119, 32.585 ], [ -91.152, 32.621 ], [ -91.055, 32.719 ], [ -91.166, 32.754 ], [ -91.145, 32.843 ], [ -91.064, 32.901 ], [ -91.086, 32.976 ], [ -91.136, 32.98 ], [ -91.132, 32.926 ], [ -91.152, 32.901 ], [ -91.214, 32.927 ], [ -91.121, 33.055 ], [ -91.2, 33.126 ], [ -91.086, 33.136 ], [ -91.1, 33.219 ], [ -91.045, 33.267 ], [ -91.077, 33.283 ], [ -91.101, 33.239 ], [ -91.141, 33.3 ], [ -91.143, 33.35 ], [ -91.057, 33.446 ], [ -91.086, 33.451 ], [ -91.1, 33.406 ], [ -91.148, 33.379 ], [ -91.21, 33.406 ], [ -91.132, 33.43 ], [ -91.116, 33.453 ], [ -91.134, 33.483 ], [ -91.17, 33.498 ], [ -91.177, 33.444 ], [ -91.236, 33.439 ], [ -91.182, 33.5 ], [ -91.233, 33.563 ], [ -91.165, 33.57 ], [ -91.129, 33.607 ], [ -91.23, 33.683 ], [ -91.16, 33.706 ], [ -91.093, 33.658 ], [ -91.034, 33.674 ], [ -91.059, 33.714 ], [ -91.118, 33.705 ], [ -91.149, 33.731 ], [ -91.133, 33.784 ], [ -91.019, 33.764 ], [ -90.989, 33.783 ], [ -91.07, 33.843 ], [ -91.071, 33.87 ], [ -91.011, 33.932 ], [ -91.086, 33.958 ], [ -91.088, 34.005 ], [ -91.019, 34.004 ], [ -90.998, 33.966 ], [ -90.967, 33.965 ], [ -90.989, 34.02 ], [ -90.894, 34.026 ], [ -90.871, 34.08 ], [ -90.946, 34.108 ], [ -90.959, 34.136 ], [ -90.91, 34.165 ], [ -90.846, 34.137 ], [ -90.807, 34.164 ], [ -90.817, 34.183 ], [ -90.908, 34.192 ], [ -90.935, 34.238 ], [ -90.906, 34.245 ], [ -90.847, 34.206 ], [ -90.832, 34.277 ], [ -90.766, 34.27 ], [ -90.737, 34.289 ], [ -90.765, 34.364 ], [ -90.676, 34.372 ], [ -90.694, 34.323 ], [ -90.669, 34.313 ], [ -90.658, 34.377 ], [ -90.586, 34.409 ], [ -90.593, 34.491 ], [ -90.54, 34.554 ], [ -90.592, 34.621 ], [ -90.57, 34.693 ], [ -90.542, 34.684 ], [ -90.555, 34.646 ], [ -90.534, 34.628 ], [ -90.463, 34.684 ], [ -90.474, 34.705 ], [ -90.571, 34.712 ], [ -90.541, 34.751 ], [ -90.548, 34.783 ], [ -90.514, 34.8 ], [ -90.493, 34.772 ], [ -90.525, 34.731 ], [ -90.448, 34.74 ], [ -90.477, 34.794 ], [ -90.456, 34.821 ], [ -90.481, 34.883 ], [ -90.437, 34.883 ], [ -90.438, 34.825 ], [ -90.338, 34.859 ], [ -90.313, 34.844 ], [ -90.317, 34.871 ], [ -90.242, 34.919 ], [ -90.246, 34.948 ], [ -90.309, 34.996 ], [ -88.2, 34.995 ], [ -88.153, 34.92 ], [ -88.098, 34.893 ], [ -88.473, 31.894 ], [ -88.385, 30.158 ], [ -88.462, 30.146 ], [ -88.546, 30.177 ], [ -88.765, 30.19 ], [ -88.822, 30.218 ], [ -88.9, 30.17 ], [ -88.889, 30.14 ], [ -89.096, 30.165 ], [ -89.184, 30.212 ], [ -89.261, 30.182 ], [ -89.511, 30.161 ], [ -89.533, 30.195 ], [ -89.581, 30.187 ], [ -89.647, 30.291 ], [ -89.629, 30.339 ], [ -89.684, 30.406 ], [ -89.684, 30.452 ], [ -89.804, 30.549 ], [ -89.787, 30.569 ], [ -89.808, 30.568 ], [ -89.831, 30.618 ], [ -89.815, 30.638 ], [ -89.852, 30.662 ], [ -89.826, 30.728 ], [ -89.835, 30.77 ], [ -89.782, 30.819 ], [ -89.793, 30.85 ], [ -89.745, 30.919 ], [ -89.757, 30.942 ], [ -89.727, 30.967 ], [ -89.732, 31.005 ], [ -91.637, 31.0 ], [ -91.578, 31.024 ], [ -91.564, 31.067 ] ] ] } },
{ "type": "Feature", "properties": { "st": "MT", "name": "Montana", "k": 2, "eD": 0, "eDiss": 0.297, "oD": 0, "oDiss": 0.2775, "voteD": 0.416, "pop": 1084225 }, "geometry": { "type": "Polygon", "coordinates": [ [ [ -112.5, 44.463 ], [ -112.718, 44.504 ], [ -112.78, 44.485 ], [ -112.841, 44.425 ], [ -112.81, 44.398 ], [ -112.845, 44.358 ], [ -112.89, 44.406 ], [ -113.004, 44.452 ], [ -113.027, 44.496 ], [ -113.007, 44.526 ], [ -113.088, 44.599 ], [ -113.053, 44.622 ], [ -113.067, 44.678 ], [ -113.132, 44.773 ], [ -113.247, 44.823 ], [ -113.342, 44.785 ], [ -113.357, 44.82 ], [ -113.421, 44.837 ], [ -113.479, 44.896 ], [ -113.498, 44.942 ], [ -113.443, 44.959 ], [ -113.452, 45.059 ], [ -113.522, 45.091 ], [ -113.511, 45.116 ], [ -113.57, 45.124 ], [ -113.592, 45.185 ], [ -113.692, 45.262 ], [ -113.68, 45.279 ], [ -113.739, 45.329 ], [ -113.733, 45.391 ], [ -113.776, 45.408 ], [ -113.766, 45.521 ], [ -113.835, 45.521 ], [ -113.796, 45.581 ], [ -113.806, 45.602 ], [ -113.905, 45.622 ], [ -113.895, 45.644 ], [ -113.935, 45.695 ], [ -114.016, 45.696 ], [ -114.015, 45.652 ], [ -114.067, 45.628 ], [ -114.086, 45.592 ], [ -114.193, 45.536 ], [ -114.248, 45.546 ], [ -114.27, 45.484 ], [ -114.331, 45.46 ], [ -114.425, 45.511 ], [ -114.464, 45.545 ], [ -114.456, 45.562 ], [ -114.565, 45.557 ], [ -114.538, 45.606 ], [ -114.564, 45.638 ], [ -114.508, 45.657 ], [ -114.495, 45.704 ], [ -114.567, 45.773 ], [ -114.5, 45.851 ], [ -114.41, 45.852 ], [ -114.387, 45.888 ], [ -114.431, 45.938 ], [ -114.402, 45.958 ], [ -114.412, 45.978 ], [ -114.48, 45.993 ], [ -114.48, 46.03 ], [ -114.508, 46.031 ], [ -114.461, 46.098 ], [ -114.527, 46.147 ], [ -114.515, 46.167 ], [ -114.445, 46.169 ], [ -114.471, 46.266 ], [ -114.427, 46.283 ], [ -114.423, 46.387 ], [ -114.369, 46.437 ], [ -114.403, 46.498 ], [ -114.342, 46.519 ], [ -114.325, 46.653 ], [ -114.358, 46.671 ], [ -114.467, 46.632 ], [ -114.542, 46.65 ], [ -114.605, 46.636 ], [ -114.642, 46.673 ], [ -114.62, 46.707 ], [ -114.666, 46.739 ], [ -114.767, 46.697 ], [ -114.788, 46.714 ], [ -114.765, 46.758 ], [ -114.788, 46.783 ], [ -114.829, 46.782 ], [ -114.866, 46.814 ], [ -114.895, 46.802 ], [ -114.949, 46.86 ], [ -114.925, 46.918 ], [ -115.001, 46.972 ], [ -115.049, 46.97 ], [ -115.144, 47.102 ], [ -115.3, 47.189 ], [ -115.319, 47.257 ], [ -115.483, 47.281 ], [ -115.528, 47.299 ], [ -115.578, 47.368 ], [ -115.759, 47.423 ], [ -115.63, 47.479 ], [ -115.686, 47.485 ], [ -115.711, 47.517 ], [ -115.698, 47.531 ], [ -115.756, 47.548 ], [ -115.687, 47.595 ], [ -115.737, 47.655 ], [ -115.723, 47.695 ], [ -115.777, 47.72 ], [ -115.797, 47.758 ], [ -115.832, 47.756 ], [ -115.852, 47.828 ], [ -115.919, 47.854 ], [ -116.049, 47.977 ], [ -116.049, 49.001 ], [ -104.049, 49.0 ], [ -104.039, 44.998 ], [ -111.054, 45.001 ], [ -111.053, 44.479 ], [ -111.127, 44.497 ], [ -111.131, 44.533 ], [ -111.227, 44.577 ], [ -111.241, 44.615 ], [ -111.219, 44.623 ], [ -111.279, 44.651 ], [ -111.267, 44.668 ], [ -111.323, 44.729 ], [ -111.385, 44.755 ], [ -111.414, 44.711 ], [ -111.489, 44.706 ], [ -111.473, 44.666 ], [ -111.517, 44.644 ], [ -111.503, 44.627 ], [ -111.524, 44.592 ], [ -111.469, 44.539 ], [ -111.683, 44.562 ], [ -111.822, 44.509 ], [ -111.87, 44.567 ], [ -112.106, 44.521 ], [ -112.223, 44.544 ], [ -112.257, 44.572 ], [ -112.353, 44.538 ], [ -112.386, 44.448 ], [ -112.473, 44.479 ], [ -112.5, 44.463 ] ] ] } },
{ "type": "Feature", "properties": { "st": "NC", "name": "North Carolina", "k": 14, "eD": 4, "eDiss": 0.2936, "oD": 6, "oDiss": 0.2581, "voteD": 0.4932, "pop": 10439388 }, "geometry": { "type": "Polygon", "coordinates": [ [ [ -81.042, 35.045 ], [ -81.057, 35.086 ], [ -81.032, 35.108 ], [ -81.052, 35.133 ], [ -81.034, 35.149 ], [ -82.292, 35.2 ], [ -82.373, 35.181 ], [ -82.393, 35.215 ], [ -82.44, 35.166 ], [ -82.478, 35.176 ], [ -82.682, 35.128 ], [ -82.757, 35.067 ], [ -82.782, 35.065 ], [ -82.783, 35.086 ], [ -83.109, 35.001 ], [ -84.321, 34.988 ], [ -84.29, 35.225 ], [ -84.224, 35.269 ], [ -84.184, 35.24 ], [ -84.052, 35.27 ], [ -84.022, 35.302 ], [ -84.039, 35.351 ], [ -84.007, 35.371 ], [ -84.023, 35.411 ], [ -83.879, 35.519 ], [ -83.756, 35.565 ], [ -83.609, 35.58 ], [ -83.499, 35.562 ], [ -83.351, 35.661 ], [ -83.298, 35.657 ], [ -83.252, 35.72 ], [ -83.186, 35.73 ], [ -83.16, 35.764 ], [ -83.074, 35.79 ], [ -82.992, 35.774 ], [ -82.896, 35.879 ], [ -82.919, 35.929 ], [ -82.874, 35.952 ], [ -82.805, 35.927 ], [ -82.775, 36.001 ], [ -82.638, 36.066 ], [ -82.591, 36.034 ], [ -82.61, 35.967 ], [ -82.558, 35.954 ], [ -82.461, 36.008 ], [ -82.41, 36.084 ], [ -82.352, 36.117 ], [ -82.245, 36.131 ], [ -82.213, 36.159 ], [ -82.149, 36.15 ], [ -82.13, 36.105 ], [ -82.034, 36.12 ], [ -81.909, 36.302 ], [ -81.855, 36.337 ], [ -81.793, 36.363 ], [ -81.708, 36.335 ], [ -81.742, 36.411 ], [ -81.696, 36.468 ], [ -81.708, 36.536 ], [ -81.678, 36.588 ], [ -80.295, 36.544 ], [ -75.797, 36.55 ], [ -75.71, 36.245 ], [ -75.438, 35.747 ], [ -75.401, 35.594 ], [ -75.425, 35.39 ], [ -75.487, 35.185 ], [ -75.532, 35.167 ], [ -75.596, 35.183 ], [ -75.749, 35.137 ], [ -76.024, 35.005 ], [ -76.315, 34.777 ], [ -76.439, 34.64 ], [ -76.483, 34.556 ], [ -76.524, 34.533 ], [ -76.584, 34.553 ], [ -76.615, 34.619 ], [ -76.693, 34.643 ], [ -76.904, 34.632 ], [ -77.123, 34.585 ], [ -77.517, 34.382 ], [ -77.691, 34.246 ], [ -77.786, 34.125 ], [ -77.894, 33.878 ], [ -77.899, 33.785 ], [ -77.943, 33.754 ], [ -78.0, 33.767 ], [ -78.066, 33.848 ], [ -78.146, 33.862 ], [ -78.341, 33.856 ], [ -78.499, 33.813 ], [ -79.677, 34.805 ], [ -80.798, 34.819 ], [ -80.782, 34.935 ], [ -80.935, 35.108 ], [ -81.042, 35.045 ] ] ] } },
{ "type": "Feature", "properties": { "st": "ND", "name": "North Dakota", "k": 1, "eD": 0, "eDiss": 0.285, "oD": 0, "oDiss": 0.285, "voteD": 0.3279, "pop": 779094 }, "geometry": { "type": "Polygon", "coordinates": [ [ [ -97.234, 48.948 ], [ -97.173, 48.85 ], [ -97.191, 48.815 ], [ -97.158, 48.81 ], [ -97.181, 48.798 ], [ -97.163, 48.801 ], [ -97.137, 48.726 ], [ -97.09, 48.685 ], [ -97.11, 48.633 ], [ -97.132, 48.631 ], [ -97.119, 48.618 ], [ -97.151, 48.612 ], [ -97.134, 48.607 ], [ -97.149, 48.57 ], [ -97.175, 48.562 ], [ -97.138, 48.555 ], [ -97.166, 48.548 ], [ -97.127, 48.52 ], [ -97.151, 48.511 ], [ -97.132, 48.489 ], [ -97.163, 48.477 ], [ -97.129, 48.475 ], [ -97.148, 48.473 ], [ -97.129, 48.46 ], [ -97.151, 48.441 ], [ -97.125, 48.442 ], [ -97.145, 48.431 ], [ -97.123, 48.418 ], [ -97.138, 48.422 ], [ -97.153, 48.418 ], [ -97.132, 48.407 ], [ -97.163, 48.393 ], [ -97.133, 48.382 ], [ -97.156, 48.365 ], [ -97.126, 48.341 ], [ -97.141, 48.326 ], [ -97.115, 48.324 ], [ -97.138, 48.31 ], [ -97.112, 48.297 ], [ -97.145, 48.269 ], [ -97.123, 48.261 ], [ -97.145, 48.234 ], [ -97.121, 48.225 ], [ -97.137, 48.227 ], [ -97.152, 48.219 ], [ -97.14, 48.222 ], [ -97.118, 48.21 ], [ -97.14, 48.216 ], [ -97.148, 48.171 ], [ -97.121, 48.16 ], [ -97.147, 48.142 ], [ -97.123, 48.14 ], [ -97.123, 48.107 ], [ -97.072, 48.048 ], [ -97.056, 47.948 ], [ -97.018, 47.92 ], [ -97.023, 47.874 ], [ -96.974, 47.823 ], [ -96.991, 47.809 ], [ -96.935, 47.767 ], [ -96.931, 47.715 ], [ -96.851, 47.599 ], [ -96.869, 47.567 ], [ -96.847, 47.566 ], [ -96.862, 47.559 ], [ -96.846, 47.539 ], [ -96.871, 47.527 ], [ -96.842, 47.509 ], [ -96.865, 47.491 ], [ -96.853, 47.432 ], [ -96.872, 47.419 ], [ -96.839, 47.399 ], [ -96.854, 47.374 ], [ -96.838, 47.371 ], [ -96.858, 47.368 ], [ -96.831, 47.339 ], [ -96.847, 47.262 ], [ -96.827, 47.201 ], [ -96.844, 47.193 ], [ -96.821, 47.184 ], [ -96.842, 47.151 ], [ -96.813, 47.038 ], [ -96.839, 47.006 ], [ -96.821, 47.004 ], [ -96.823, 46.97 ], [ -96.795, 46.966 ], [ -96.791, 46.928 ], [ -96.752, 46.924 ], [ -96.781, 46.88 ], [ -96.78, 46.825 ], [ -96.803, 46.811 ], [ -96.776, 46.767 ], [ -96.798, 46.63 ], [ -96.747, 46.582 ], [ -96.722, 46.44 ], [ -96.6, 46.33 ], [ -96.593, 46.175 ], [ -96.555, 46.084 ], [ -96.578, 46.027 ], [ -96.564, 45.935 ], [ -104.046, 45.945 ], [ -104.049, 49.0 ], [ -97.229, 49.0 ], [ -97.234, 48.948 ] ] ] } },
{ "type": "Feature", "properties": { "st": "NE", "name": "Nebraska", "k": 3, "eD": 1, "eDiss": 0.251, "oD": 1, "oDiss": 0.2283, "voteD": 0.4022, "pop": 1961504 }, "geometry": { "type": "Polygon", "coordinates": [ [ [ -95.552, 40.289 ], [ -95.552, 40.262 ], [ -95.478, 40.244 ], [ -95.479, 40.185 ], [ -95.393, 40.119 ], [ -95.415, 40.04 ], [ -95.308, 40.0 ], [ -102.052, 40.003 ], [ -102.052, 41.003 ], [ -104.053, 41.002 ], [ -104.053, 43.001 ], [ -98.498, 42.999 ], [ -98.444, 42.929 ], [ -98.148, 42.84 ], [ -98.035, 42.764 ], [ -97.936, 42.775 ], [ -97.876, 42.859 ], [ -97.846, 42.868 ], [ -97.686, 42.842 ], [ -97.612, 42.859 ], [ -97.445, 42.846 ], [ -97.41, 42.868 ], [ -97.248, 42.856 ], [ -97.219, 42.846 ], [ -97.21, 42.81 ], [ -97.13, 42.771 ], [ -96.979, 42.76 ], [ -96.961, 42.72 ], [ -96.906, 42.734 ], [ -96.806, 42.705 ], [ -96.794, 42.666 ], [ -96.691, 42.656 ], [ -96.71, 42.605 ], [ -96.611, 42.507 ], [ -96.549, 42.521 ], [ -96.501, 42.483 ], [ -96.386, 42.474 ], [ -96.419, 42.354 ], [ -96.331, 42.259 ], [ -96.323, 42.231 ], [ -96.36, 42.21 ], [ -96.35, 42.171 ], [ -96.269, 42.115 ], [ -96.275, 42.049 ], [ -96.222, 42.03 ], [ -96.242, 42.0 ], [ -96.195, 42.008 ], [ -96.187, 41.978 ], [ -96.129, 41.972 ], [ -96.162, 41.902 ], [ -96.107, 41.819 ], [ -96.066, 41.797 ], [ -96.107, 41.738 ], [ -96.073, 41.704 ], [ -96.122, 41.683 ], [ -96.095, 41.65 ], [ -96.118, 41.615 ], [ -96.081, 41.577 ], [ -96.095, 41.539 ], [ -96.041, 41.507 ], [ -96.023, 41.544 ], [ -96.0, 41.539 ], [ -96.018, 41.484 ], [ -95.924, 41.459 ], [ -95.93, 41.368 ], [ -95.956, 41.342 ], [ -95.871, 41.296 ], [ -95.904, 41.275 ], [ -95.907, 41.302 ], [ -95.927, 41.298 ], [ -95.911, 41.234 ], [ -95.928, 41.2 ], [ -95.843, 41.18 ], [ -95.883, 41.155 ], [ -95.863, 41.09 ], [ -95.882, 41.055 ], [ -95.86, 41.036 ], [ -95.868, 41.002 ], [ -95.83, 40.978 ], [ -95.839, 40.933 ], [ -95.809, 40.894 ], [ -95.849, 40.861 ], [ -95.834, 40.784 ], [ -95.879, 40.753 ], [ -95.883, 40.717 ], [ -95.782, 40.654 ], [ -95.75, 40.607 ], [ -95.775, 40.573 ], [ -95.766, 40.532 ], [ -95.709, 40.521 ], [ -95.679, 40.563 ], [ -95.654, 40.542 ], [ -95.701, 40.505 ], [ -95.622, 40.342 ], [ -95.658, 40.311 ], [ -95.552, 40.289 ] ] ] } },
{ "type": "Feature", "properties": { "st": "NH", "name": "New Hampshire", "k": 2, "eD": 2, "eDiss": 0.167, "oD": 2, "oDiss": 0.1515, "voteD": 0.5375, "pop": 1377529 }, "geometry": { "type": "Polygon", "coordinates": [ [ [ -71.084, 45.306 ], [ -70.973, 43.57 ], [ -70.951, 43.552 ], [ -70.976, 43.479 ], [ -70.961, 43.439 ], [ -70.987, 43.414 ], [ -70.979, 43.359 ], [ -70.81, 43.226 ], [ -70.827, 43.127 ], [ -70.707, 43.075 ], [ -70.701, 43.045 ], [ -70.611, 42.979 ], [ -70.575, 42.917 ], [ -70.654, 42.922 ], [ -70.694, 42.956 ], [ -70.726, 42.928 ], [ -70.735, 42.875 ], [ -70.848, 42.861 ], [ -70.903, 42.887 ], [ -71.031, 42.859 ], [ -71.065, 42.806 ], [ -71.167, 42.808 ], [ -71.186, 42.791 ], [ -71.182, 42.737 ], [ -71.245, 42.743 ], [ -71.294, 42.697 ], [ -72.459, 42.727 ], [ -72.491, 42.773 ], [ -72.515, 42.765 ], [ -72.552, 42.885 ], [ -72.525, 42.915 ], [ -72.534, 42.952 ], [ -72.444, 43.008 ], [ -72.467, 43.053 ], [ -72.434, 43.087 ], [ -72.458, 43.147 ], [ -72.438, 43.252 ], [ -72.396, 43.313 ], [ -72.411, 43.331 ], [ -72.39, 43.356 ], [ -72.416, 43.377 ], [ -72.382, 43.48 ], [ -72.394, 43.528 ], [ -72.381, 43.573 ], [ -72.328, 43.601 ], [ -72.3, 43.707 ], [ -72.205, 43.771 ], [ -72.184, 43.864 ], [ -72.091, 43.966 ], [ -72.114, 43.968 ], [ -72.106, 44.013 ], [ -72.032, 44.079 ], [ -72.055, 44.11 ], [ -72.033, 44.132 ], [ -72.066, 44.19 ], [ -72.048, 44.239 ], [ -72.065, 44.28 ], [ -72.033, 44.321 ], [ -71.982, 44.338 ], [ -71.815, 44.354 ], [ -71.794, 44.399 ], [ -71.702, 44.413 ], [ -71.647, 44.473 ], [ -71.577, 44.502 ], [ -71.594, 44.522 ], [ -71.572, 44.538 ], [ -71.597, 44.559 ], [ -71.535, 44.588 ], [ -71.562, 44.601 ], [ -71.547, 44.63 ], [ -71.587, 44.66 ], [ -71.632, 44.752 ], [ -71.573, 44.791 ], [ -71.55, 44.862 ], [ -71.495, 44.905 ], [ -71.542, 44.985 ], [ -71.465, 45.013 ], [ -71.5, 45.013 ], [ -71.506, 45.048 ], [ -71.429, 45.124 ], [ -71.397, 45.203 ], [ -71.443, 45.238 ], [ -71.384, 45.233 ], [ -71.36, 45.27 ], [ -71.285, 45.302 ], [ -71.231, 45.25 ], [ -71.147, 45.239 ], [ -71.084, 45.306 ] ] ] } },
{ "type": "Feature", "properties": { "st": "NJ", "name": "New Jersey", "k": 12, "eD": 10, "eDiss": 0.2122, "oD": 9, "oDiss": 0.1827, "voteD": 0.5807, "pop": 9288994 }, "geometry": { "type": "Polygon", "coordinates": [ [ [ -74.106, 39.932 ], [ -74.193, 39.764 ], [ -74.156, 39.755 ], [ -74.171, 39.773 ], [ -74.133, 39.776 ], [ -74.093, 39.757 ], [ -74.331, 39.436 ], [ -74.408, 39.364 ], [ -74.616, 39.242 ], [ -74.704, 39.107 ], [ -74.789, 39.023 ], [ -74.787, 39.001 ], [ -74.865, 38.936 ], [ -74.972, 38.94 ], [ -74.892, 39.112 ], [ -74.899, 39.173 ], [ -75.049, 39.215 ], [ -75.116, 39.212 ], [ -75.137, 39.181 ], [ -75.256, 39.301 ], [ -75.291, 39.292 ], [ -75.335, 39.347 ], [ -75.362, 39.341 ], [ -75.464, 39.439 ], [ -75.545, 39.48 ], [ -75.512, 39.568 ], [ -75.558, 39.631 ], [ -75.414, 39.801 ], [ -75.343, 39.843 ], [ -75.141, 39.886 ], [ -75.131, 39.958 ], [ -74.932, 40.07 ], [ -74.861, 40.083 ], [ -74.822, 40.127 ], [ -74.724, 40.147 ], [ -74.774, 40.218 ], [ -74.943, 40.341 ], [ -74.967, 40.399 ], [ -75.059, 40.42 ], [ -75.068, 40.542 ], [ -75.118, 40.573 ], [ -75.196, 40.578 ], [ -75.199, 40.655 ], [ -75.177, 40.675 ], [ -75.204, 40.691 ], [ -75.182, 40.731 ], [ -75.196, 40.751 ], [ -75.108, 40.791 ], [ -75.083, 40.825 ], [ -75.096, 40.847 ], [ -75.05, 40.866 ], [ -75.133, 40.97 ], [ -75.129, 40.993 ], [ -74.969, 41.087 ], [ -74.991, 41.089 ], [ -74.982, 41.109 ], [ -74.905, 41.156 ], [ -74.829, 41.288 ], [ -74.755, 41.346 ], [ -74.696, 41.357 ], [ -73.902, 40.998 ], [ -74.034, 40.707 ], [ -74.079, 40.689 ], [ -74.067, 40.666 ], [ -74.096, 40.675 ], [ -74.071, 40.661 ], [ -74.107, 40.67 ], [ -74.088, 40.654 ], [ -74.144, 40.644 ], [ -74.103, 40.701 ], [ -74.115, 40.708 ], [ -74.143, 40.659 ], [ -74.202, 40.634 ], [ -74.215, 40.565 ], [ -74.252, 40.553 ], [ -74.266, 40.5 ], [ -74.292, 40.509 ], [ -74.206, 40.44 ], [ -74.134, 40.457 ], [ -73.983, 40.405 ], [ -74.02, 40.474 ], [ -73.983, 40.448 ], [ -73.976, 40.3 ], [ -74.078, 39.904 ], [ -74.095, 39.951 ], [ -74.062, 40.026 ], [ -74.088, 40.008 ], [ -74.114, 40.02 ], [ -74.125, 40.019 ], [ -74.108, 40.003 ], [ -74.14, 39.996 ], [ -74.111, 39.991 ], [ -74.115, 39.944 ], [ -74.191, 39.946 ], [ -74.106, 39.932 ] ] ] } },
{ "type": "Feature", "properties": { "st": "NM", "name": "New Mexico", "k": 3, "eD": 3, "eDiss": 0.3099, "oD": 2, "oDiss": 0.2368, "voteD": 0.5552, "pop": 2117522 }, "geometry": { "type": "MultiPolygon", "coordinates": [ [ [ [ -109.045, 36.598 ], [ -109.045, 36.999 ], [ -103.002, 37.0 ], [ -103.002, 36.598 ], [ -103.002, 36.501 ], [ -103.042, 36.501 ], [ -103.064, 32.0 ], [ -106.618, 32.0 ], [ -106.64, 31.98 ], [ -106.62, 31.972 ], [ -106.629, 31.923 ], [ -106.613, 31.921 ], [ -106.646, 31.899 ], [ -106.636, 31.866 ], [ -106.528, 31.784 ], [ -108.208, 31.784 ], [ -108.208, 31.334 ], [ -109.05, 31.333 ], [ -109.045, 36.598 ] ] ] ] } },
{ "type": "Feature", "properties": { "st": "NV", "name": "Nevada", "k": 4, "eD": 3, "eDiss": 0.2204, "oD": 2, "oDiss": 0.1761, "voteD": 0.5122, "pop": 3104614 }, "geometry": { "type": "MultiPolygon", "coordinates": [ [ [ [ -114.044, 36.193 ], [ -114.12, 36.111 ], [ -114.147, 36.027 ], [ -114.212, 36.015 ], [ -114.314, 36.059 ], [ -114.307, 36.082 ], [ -114.37, 36.142 ], [ -114.505, 36.127 ], [ -114.512, 36.15 ], [ -114.571, 36.151 ], [ -114.734, 36.105 ], [ -114.755, 36.085 ], [ -114.74, 36.064 ], [ -114.784, 36.087 ], [ -114.736, 36.059 ], [ -114.722, 36.029 ], [ -114.741, 35.976 ], [ -114.662, 35.871 ], [ -114.706, 35.85 ], [ -114.712, 35.806 ], [ -114.689, 35.652 ], [ -114.655, 35.614 ], [ -114.678, 35.498 ], [ -114.6, 35.341 ], [ -114.568, 35.173 ], [ -114.578, 35.129 ], [ -114.646, 35.102 ], [ -114.603, 35.068 ], [ -114.634, 35.002 ], [ -115.845, 35.964 ], [ -116.694, 36.598 ], [ -120.001, 39.0 ], [ -120.0, 41.995 ], [ -114.041, 41.994 ], [ -114.046, 36.598 ], [ -114.044, 36.193 ] ] ] ] } },
{ "type": "Feature", "properties": { "st": "NY", "name": "New York", "k": 26, "eD": 20, "eDiss": 0.2979, "oD": 19, "oDiss": 0.2607, "voteD": 0.6173, "pop": 20201249 }, "geometry": { "type": "MultiPolygon", "coordinates": [ [ [ [ -73.275, 42.943 ], [ -73.291, 42.801 ], [ -73.265, 42.746 ], [ -73.508, 42.086 ], [ -73.488, 42.049 ], [ -73.551, 41.295 ], [ -73.482, 41.213 ], [ -73.728, 41.101 ], [ -73.655, 41.012 ], [ -73.656, 40.98 ], [ -73.809, 40.871 ], [ -73.784, 40.878 ], [ -73.801, 40.848 ], [ -73.816, 40.863 ], [ -73.791, 40.804 ], [ -73.838, 40.807 ], [ -73.839, 40.84 ], [ -73.847, 40.805 ], [ -73.932, 40.809 ], [ -73.909, 40.869 ], [ -73.911, 40.916 ], [ -73.86, 40.9 ], [ -73.912, 40.917 ], [ -73.891, 40.964 ], [ -73.868, 41.067 ], [ -73.902, 40.998 ], [ -74.696, 41.358 ], [ -74.741, 41.431 ], [ -74.894, 41.439 ], [ -74.914, 41.477 ], [ -74.983, 41.481 ], [ -75.075, 41.606 ], [ -75.045, 41.619 ], [ -75.07, 41.71 ], [ -75.05, 41.713 ], [ -75.053, 41.753 ], [ -75.105, 41.774 ], [ -75.072, 41.814 ], [ -75.173, 41.873 ], [ -75.258, 41.862 ], [ -75.278, 41.939 ], [ -75.318, 41.953 ], [ -75.34, 41.994 ], [ -75.361, 42.0 ], [ -79.762, 41.999 ], [ -79.762, 42.269 ], [ -79.452, 42.412 ], [ -79.354, 42.494 ], [ -79.148, 42.554 ], [ -79.048, 42.692 ], [ -78.854, 42.783 ], [ -78.872, 42.829 ], [ -78.853, 42.833 ], [ -78.94, 43.0 ], [ -78.937, 42.955 ], [ -79.021, 43.001 ], [ -79.0, 43.065 ], [ -78.918, 43.053 ], [ -78.89, 43.022 ], [ -78.897, 43.044 ], [ -78.951, 43.068 ], [ -79.075, 43.081 ], [ -79.043, 43.144 ], [ -79.07, 43.262 ], [ -78.637, 43.357 ], [ -78.37, 43.376 ], [ -77.977, 43.369 ], [ -77.76, 43.341 ], [ -77.535, 43.235 ], [ -77.341, 43.28 ], [ -77.106, 43.289 ], [ -76.954, 43.27 ], [ -76.729, 43.344 ], [ -76.718, 43.278 ], [ -76.722, 43.344 ], [ -76.713, 43.313 ], [ -76.631, 43.413 ], [ -76.565, 43.449 ], [ -76.417, 43.522 ], [ -76.297, 43.513 ], [ -76.222, 43.539 ], [ -76.2, 43.594 ], [ -76.203, 43.72 ], [ -76.182, 43.724 ], [ -76.205, 43.721 ], [ -76.226, 43.827 ], [ -76.27, 43.825 ], [ -76.297, 43.856 ], [ -76.23, 43.887 ], [ -76.236, 43.862 ], [ -76.204, 43.85 ], [ -76.128, 43.896 ], [ -76.135, 43.945 ], [ -76.047, 43.978 ], [ -76.053, 44.004 ], [ -76.014, 44.002 ], [ -76.05, 44.006 ], [ -76.067, 43.995 ], [ -76.08, 43.994 ], [ -76.068, 44.017 ], [ -76.135, 43.965 ], [ -76.2, 43.968 ], [ -76.204, 43.988 ], [ -76.105, 44.047 ], [ -76.167, 44.033 ], [ -76.128, 44.064 ], [ -76.205, 44.055 ], [ -76.196, 44.082 ], [ -76.275, 44.052 ], [ -76.301, 44.01 ], [ -76.295, 44.059 ], [ -76.334, 44.065 ], [ -76.312, 44.083 ], [ -76.36, 44.071 ], [ -76.344, 44.088 ], [ -76.363, 44.112 ], [ -76.198, 44.207 ], [ -76.014, 44.261 ], [ -75.885, 44.364 ], [ -75.84, 44.37 ], [ -75.863, 44.374 ], [ -75.841, 44.394 ], [ -75.663, 44.314 ], [ -75.861, 44.403 ], [ -75.766, 44.516 ], [ -75.307, 44.836 ], [ -74.993, 44.977 ], [ -74.827, 45.016 ], [ -74.732, 44.99 ], [ -74.67, 45.007 ], [ -74.149, 44.991 ], [ -73.353, 45.01 ], [ -73.352, 44.945 ], [ -73.385, 44.942 ], [ -73.378, 44.876 ], [ -73.409, 44.837 ], [ -73.36, 44.8 ], [ -73.413, 44.747 ], [ -73.38, 44.699 ], [ -73.418, 44.723 ], [ -73.446, 44.714 ], [ -73.448, 44.625 ], [ -73.427, 44.55 ], [ -73.386, 44.517 ], [ -73.418, 44.486 ], [ -73.397, 44.458 ], [ -73.418, 44.407 ], [ -73.389, 44.397 ], [ -73.376, 44.448 ], [ -73.35, 44.273 ], [ -73.321, 44.269 ], [ -73.376, 44.207 ], [ -73.434, 44.189 ], [ -73.404, 44.156 ], [ -73.461, 44.033 ], [ -73.439, 44.004 ], [ -73.444, 44.03 ], [ -73.418, 44.026 ], [ -73.419, 43.91 ], [ -73.378, 43.848 ], [ -73.409, 43.846 ], [ -73.36, 43.771 ], [ -73.427, 43.641 ], [ -73.428, 43.582 ], [ -73.397, 43.568 ], [ -73.371, 43.625 ], [ -73.305, 43.628 ], [ -73.298, 43.579 ], [ -73.242, 43.533 ], [ -73.275, 42.944 ], [ -73.379, 42.943 ], [ -73.275, 42.943 ] ] ], [ [ [ -76.286, 44.012 ], [ -76.201, 44.025 ], [ -76.22, 43.995 ], [ -76.281, 43.961 ], [ -76.266, 43.997 ], [ -76.286, 44.012 ] ] ], [ [ [ -76.148, 44.287 ], [ -76.075, 44.31 ], [ -76.067, 44.295 ], [ -76.13, 44.248 ], [ -76.161, 44.263 ], [ -76.148, 44.287 ] ] ], [ [ [ -75.98, 44.308 ], [ -76.031, 44.286 ], [ -76.024, 44.325 ], [ -76.057, 44.319 ], [ -76.002, 44.346 ], [ -75.975, 44.345 ], [ -76.008, 44.323 ], [ -75.979, 44.329 ], [ -75.98, 44.308 ] ] ], [ [ [ -74.133, 40.547 ], [ -74.255, 40.504 ], [ -74.248, 40.543 ], [ -74.213, 40.559 ], [ -74.195, 40.637 ], [ -74.071, 40.645 ], [ -74.052, 40.599 ], [ -74.136, 40.529 ], [ -74.133, 40.547 ] ] ], [ [ [ -73.739, 40.594 ], [ -73.813, 40.584 ], [ -73.941, 40.542 ], [ -73.756, 40.61 ], [ -73.78, 40.628 ], [ -73.801, 40.612 ], [ -73.783, 40.631 ], [ -73.812, 40.661 ], [ -73.85, 40.644 ], [ -73.861, 40.659 ], [ -73.868, 40.64 ], [ -73.879, 40.655 ], [ -73.868, 40.638 ], [ -73.891, 40.649 ], [ -73.883, 40.628 ], [ -73.917, 40.632 ], [ -73.89, 40.612 ], [ -73.92, 40.608 ], [ -73.884, 40.606 ], [ -73.88, 40.581 ], [ -73.93, 40.604 ], [ -73.912, 40.582 ], [ -74.003, 40.569 ], [ -73.986, 40.582 ], [ -74.041, 40.63 ], [ -74.0, 40.664 ], [ -74.019, 40.68 ], [ -73.996, 40.704 ], [ -73.97, 40.7 ], [ -73.957, 40.739 ], [ -73.92, 40.716 ], [ -73.938, 40.743 ], [ -73.963, 40.739 ], [ -73.935, 40.778 ], [ -73.868, 40.788 ], [ -73.851, 40.76 ], [ -73.839, 40.765 ], [ -73.83, 40.775 ], [ -73.847, 40.767 ], [ -73.853, 40.795 ], [ -73.82, 40.801 ], [ -73.776, 40.796 ], [ -73.765, 40.774 ], [ -73.746, 40.758 ], [ -73.765, 40.797 ], [ -73.754, 40.841 ], [ -73.71, 40.793 ], [ -73.7, 40.834 ], [ -73.728, 40.833 ], [ -73.731, 40.866 ], [ -73.652, 40.835 ], [ -73.633, 40.903 ], [ -73.523, 40.919 ], [ -73.478, 40.879 ], [ -73.497, 40.923 ], [ -73.485, 40.947 ], [ -73.428, 40.927 ], [ -73.483, 40.908 ], [ -73.433, 40.909 ], [ -73.448, 40.899 ], [ -73.42, 40.885 ], [ -73.433, 40.906 ], [ -73.374, 40.893 ], [ -73.375, 40.914 ], [ -73.363, 40.888 ], [ -73.354, 40.893 ], [ -73.352, 40.923 ], [ -73.382, 40.943 ], [ -73.405, 40.916 ], [ -73.4, 40.956 ], [ -73.345, 40.921 ], [ -73.235, 40.91 ], [ -73.254, 40.91 ], [ -73.192, 40.873 ], [ -73.229, 40.905 ], [ -73.147, 40.926 ], [ -73.158, 40.967 ], [ -73.118, 40.977 ], [ -73.093, 40.97 ], [ -73.113, 40.971 ], [ -73.102, 40.944 ], [ -73.067, 40.951 ], [ -73.092, 40.973 ], [ -72.631, 40.983 ], [ -72.396, 41.097 ], [ -72.355, 41.14 ], [ -72.231, 41.161 ], [ -72.3, 41.111 ], [ -72.285, 41.125 ], [ -72.316, 41.14 ], [ -72.386, 41.09 ], [ -72.415, 41.052 ], [ -72.382, 41.05 ], [ -72.386, 41.032 ], [ -72.447, 41.024 ], [ -72.434, 40.985 ], [ -72.474, 41.021 ], [ -72.469, 40.99 ], [ -72.532, 40.986 ], [ -72.567, 40.937 ], [ -72.629, 40.919 ], [ -72.491, 40.895 ], [ -72.442, 40.946 ], [ -72.401, 40.955 ], [ -72.377, 41.019 ], [ -72.367, 40.995 ], [ -72.319, 41.002 ], [ -72.327, 41.038 ], [ -72.282, 41.0 ], [ -72.242, 41.019 ], [ -72.241, 41.042 ], [ -72.26, 41.042 ], [ -72.231, 41.045 ], [ -72.188, 41.034 ], [ -72.208, 41.019 ], [ -72.184, 40.999 ], [ -72.187, 41.035 ], [ -72.161, 41.053 ], [ -72.139, 41.041 ], [ -72.136, 41.037 ], [ -72.155, 41.02 ], [ -72.098, 40.991 ], [ -72.059, 41.018 ], [ -72.041, 41.002 ], [ -72.055, 41.021 ], [ -71.992, 41.047 ], [ -71.963, 41.042 ], [ -71.956, 41.073 ], [ -71.856, 41.073 ], [ -71.904, 41.04 ], [ -72.474, 40.839 ], [ -72.412, 40.864 ], [ -72.412, 40.872 ], [ -72.502, 40.885 ], [ -72.5, 40.846 ], [ -72.541, 40.869 ], [ -72.547, 40.838 ], [ -72.577, 40.847 ], [ -72.609, 40.807 ], [ -72.617, 40.83 ], [ -72.643, 40.797 ], [ -72.728, 40.815 ], [ -72.754, 40.802 ], [ -72.745, 40.788 ], [ -72.805, 40.783 ], [ -72.813, 40.757 ], [ -72.874, 40.736 ], [ -72.89, 40.762 ], [ -72.945, 40.74 ], [ -72.997, 40.76 ], [ -73.104, 40.716 ], [ -73.157, 40.743 ], [ -73.135, 40.715 ], [ -73.148, 40.694 ], [ -73.181, 40.717 ], [ -73.221, 40.707 ], [ -73.225, 40.727 ], [ -73.277, 40.685 ], [ -73.328, 40.695 ], [ -73.332, 40.673 ], [ -73.455, 40.646 ], [ -73.544, 40.653 ], [ -73.651, 40.597 ], [ -73.578, 40.586 ], [ -73.755, 40.578 ], [ -73.737, 40.593 ], [ -73.737, 40.602 ], [ -73.746, 40.612 ], [ -73.739, 40.594 ] ] ], [ [ [ -74.014, 40.699 ], [ -73.948, 40.85 ], [ -73.912, 40.874 ], [ -73.978, 40.711 ], [ -74.014, 40.699 ] ] ], [ [ [ -73.308, 40.622 ], [ -73.048, 40.67 ], [ -72.893, 40.732 ], [ -72.872, 40.732 ], [ -72.756, 40.768 ], [ -73.054, 40.667 ], [ -73.218, 40.629 ], [ -73.268, 40.621 ], [ -73.308, 40.622 ] ] ], [ [ [ -72.269, 41.028 ], [ -72.385, 41.07 ], [ -72.335, 41.107 ], [ -72.278, 41.08 ], [ -72.323, 41.088 ], [ -72.283, 41.068 ], [ -72.269, 41.028 ] ] ] ] } },
{ "type": "Feature", "properties": { "st": "OH", "name": "Ohio", "k": 15, "eD": 4, "eDiss": 0.2726, "oD": 6, "oDiss": 0.2431, "voteD": 0.4592, "pop": 11799448 }, "geometry": { "type": "Polygon", "coordinates": [ [ [ -84.622, 39.074 ], [ -84.75, 39.148 ], [ -84.82, 39.106 ], [ -84.806, 41.697 ], [ -83.416, 41.733 ], [ -83.113, 41.959 ], [ -83.069, 41.864 ], [ -82.682, 41.676 ], [ -82.399, 41.677 ], [ -81.249, 42.216 ], [ -80.52, 42.327 ], [ -80.519, 40.639 ], [ -80.627, 40.62 ], [ -80.668, 40.584 ], [ -80.596, 40.475 ], [ -80.633, 40.394 ], [ -80.6, 40.317 ], [ -80.739, 40.079 ], [ -80.756, 39.913 ], [ -80.807, 39.916 ], [ -80.791, 39.868 ], [ -80.869, 39.766 ], [ -80.829, 39.711 ], [ -80.863, 39.691 ], [ -80.88, 39.62 ], [ -80.973, 39.589 ], [ -81.218, 39.387 ], [ -81.376, 39.342 ], [ -81.413, 39.395 ], [ -81.457, 39.41 ], [ -81.557, 39.339 ], [ -81.571, 39.267 ], [ -81.678, 39.274 ], [ -81.692, 39.229 ], [ -81.756, 39.18 ], [ -81.752, 39.091 ], [ -81.814, 39.08 ], [ -81.764, 39.015 ], [ -81.782, 38.965 ], [ -81.76, 38.926 ], [ -81.828, 38.946 ], [ -81.856, 38.893 ], [ -81.9, 38.875 ], [ -81.928, 38.893 ], [ -81.899, 38.93 ], [ -81.933, 38.987 ], [ -81.98, 38.994 ], [ -82.005, 39.029 ], [ -82.038, 39.023 ], [ -82.143, 38.899 ], [ -82.146, 38.84 ], [ -82.222, 38.787 ], [ -82.187, 38.733 ], [ -82.178, 38.604 ], [ -82.292, 38.579 ], [ -82.33, 38.445 ], [ -82.572, 38.405 ], [ -82.61, 38.472 ], [ -82.698, 38.544 ], [ -82.842, 38.589 ], [ -82.886, 38.755 ], [ -83.031, 38.726 ], [ -83.154, 38.619 ], [ -83.246, 38.629 ], [ -83.287, 38.599 ], [ -83.357, 38.654 ], [ -83.521, 38.703 ], [ -83.625, 38.679 ], [ -83.668, 38.627 ], [ -83.749, 38.649 ], [ -83.87, 38.762 ], [ -83.963, 38.787 ], [ -84.07, 38.77 ], [ -84.213, 38.805 ], [ -84.235, 38.893 ], [ -84.304, 39.003 ], [ -84.426, 39.053 ], [ -84.456, 39.12 ], [ -84.622, 39.074 ] ] ] } },
{ "type": "Feature", "properties": { "st": "OK", "name": "Oklahoma", "k": 5, "eD": 0, "eDiss": 0.2994, "oD": 1, "oDiss": 0.2442, "voteD": 0.3306, "pop": 3959353 }, "geometry": { "type": "MultiPolygon", "coordinates": [ [ [ [ -98.414, 34.086 ], [ -98.484, 34.062 ], [ -98.6, 34.161 ], [ -98.757, 34.124 ], [ -98.812, 34.158 ], [ -98.869, 34.149 ], [ -98.988, 34.221 ], [ -99.047, 34.198 ], [ -99.19, 34.214 ], [ -99.208, 34.338 ], [ -99.275, 34.385 ], [ -99.261, 34.404 ], [ -99.319, 34.409 ], [ -99.356, 34.453 ], [ -99.395, 34.442 ], [ -99.408, 34.373 ], [ -99.575, 34.418 ], [ -99.601, 34.375 ], [ -99.695, 34.379 ], [ -99.923, 34.574 ], [ -100.0, 34.561 ], [ -100.0, 36.5 ], [ -103.002, 36.501 ], [ -103.002, 36.598 ], [ -103.002, 37.0 ], [ -94.618, 36.999 ], [ -94.618, 36.598 ], [ -94.618, 36.5 ], [ -94.43, 35.392 ], [ -94.488, 33.628 ], [ -94.569, 33.627 ], [ -94.543, 33.653 ], [ -94.591, 33.645 ], [ -94.561, 33.666 ], [ -94.588, 33.687 ], [ -94.596, 33.664 ], [ -94.622, 33.682 ], [ -94.662, 33.66 ], [ -94.671, 33.669 ], [ -94.646, 33.674 ], [ -94.643, 33.701 ], [ -94.716, 33.688 ], [ -94.702, 33.703 ], [ -94.734, 33.715 ], [ -94.716, 33.695 ], [ -94.735, 33.691 ], [ -94.754, 33.708 ], [ -94.734, 33.725 ], [ -94.789, 33.736 ], [ -94.763, 33.76 ], [ -94.802, 33.732 ], [ -94.82, 33.769 ], [ -94.822, 33.732 ], [ -94.867, 33.745 ], [ -94.868, 33.769 ], [ -94.922, 33.791 ], [ -94.918, 33.827 ], [ -94.948, 33.809 ], [ -94.97, 33.861 ], [ -95.047, 33.862 ], [ -95.067, 33.917 ], [ -95.089, 33.881 ], [ -95.08, 33.921 ], [ -95.121, 33.905 ], [ -95.125, 33.934 ], [ -95.217, 33.963 ], [ -95.25, 33.939 ], [ -95.258, 33.89 ], [ -95.284, 33.906 ], [ -95.289, 33.873 ], [ -95.33, 33.886 ], [ -95.442, 33.867 ], [ -95.462, 33.888 ], [ -95.506, 33.876 ], [ -95.51, 33.898 ], [ -95.544, 33.881 ], [ -95.554, 33.927 ], [ -95.593, 33.943 ], [ -95.633, 33.905 ], [ -95.753, 33.894 ], [ -95.758, 33.85 ], [ -95.816, 33.86 ], [ -95.831, 33.835 ], [ -95.926, 33.885 ], [ -95.985, 33.852 ], [ -96.003, 33.874 ], [ -96.016, 33.842 ], [ -96.027, 33.858 ], [ -96.049, 33.836 ], [ -96.15, 33.837 ], [ -96.18, 33.81 ], [ -96.155, 33.815 ], [ -96.187, 33.755 ], [ -96.291, 33.771 ], [ -96.319, 33.697 ], [ -96.343, 33.687 ], [ -96.423, 33.777 ], [ -96.501, 33.772 ], [ -96.531, 33.824 ], [ -96.629, 33.845 ], [ -96.592, 33.895 ], [ -96.667, 33.917 ], [ -96.699, 33.84 ], [ -96.766, 33.826 ], [ -96.794, 33.869 ], [ -96.832, 33.875 ], [ -96.85, 33.848 ], [ -96.883, 33.868 ], [ -96.921, 33.959 ], [ -96.974, 33.935 ], [ -96.989, 33.955 ], [ -96.983, 33.891 ], [ -97.041, 33.837 ], [ -97.088, 33.852 ], [ -97.048, 33.819 ], [ -97.093, 33.804 ], [ -97.086, 33.744 ], [ -97.13, 33.717 ], [ -97.192, 33.76 ], [ -97.206, 33.819 ], [ -97.167, 33.848 ], [ -97.21, 33.916 ], [ -97.245, 33.903 ], [ -97.255, 33.864 ], [ -97.309, 33.889 ], [ -97.332, 33.856 ], [ -97.332, 33.884 ], [ -97.369, 33.821 ], [ -97.427, 33.819 ], [ -97.464, 33.842 ], [ -97.461, 33.906 ], [ -97.501, 33.919 ], [ -97.581, 33.9 ], [ -97.59, 33.954 ], [ -97.671, 33.991 ], [ -97.763, 33.934 ], [ -97.763, 33.914 ], [ -97.784, 33.918 ], [ -97.785, 33.891 ], [ -97.876, 33.85 ], [ -97.984, 33.898 ], [ -97.957, 33.915 ], [ -97.975, 33.943 ], [ -97.946, 33.991 ], [ -98.089, 34.006 ], [ -98.107, 34.034 ], [ -98.082, 34.039 ], [ -98.12, 34.072 ], [ -98.09, 34.122 ], [ -98.109, 34.154 ], [ -98.17, 34.114 ], [ -98.365, 34.157 ], [ -98.414, 34.086 ] ] ] ] } },
{ "type": "Feature", "properties": { "st": "OR", "name": "Oregon", "k": 6, "eD": 5, "eDiss": 0.2845, "oD": 4, "oDiss": 0.2129, "voteD": 0.5831, "pop": 4237256 }, "geometry": { "type": "Polygon", "coordinates": [ [ [ -124.353, 42.101 ], [ -124.361, 42.182 ], [ -124.415, 42.252 ], [ -124.411, 42.308 ], [ -124.434, 42.324 ], [ -124.437, 42.441 ], [ -124.391, 42.57 ], [ -124.401, 42.626 ], [ -124.474, 42.732 ], [ -124.515, 42.737 ], [ -124.529, 42.8 ], [ -124.567, 42.837 ], [ -124.498, 42.92 ], [ -124.445, 43.037 ], [ -124.38, 43.269 ], [ -124.402, 43.307 ], [ -124.379, 43.347 ], [ -124.368, 43.339 ], [ -124.316, 43.361 ], [ -124.339, 43.355 ], [ -124.232, 43.561 ], [ -124.148, 43.863 ], [ -124.059, 44.659 ], [ -124.081, 44.675 ], [ -124.058, 44.736 ], [ -124.074, 44.797 ], [ -124.032, 44.904 ], [ -124.012, 45.077 ], [ -123.953, 45.181 ], [ -123.94, 45.162 ], [ -123.924, 45.16 ], [ -123.964, 45.198 ], [ -123.972, 45.163 ], [ -123.981, 45.217 ], [ -123.938, 45.29 ], [ -123.961, 45.279 ], [ -123.972, 45.337 ], [ -124.008, 45.337 ], [ -123.974, 45.355 ], [ -123.96, 45.431 ], [ -123.961, 45.37 ], [ -123.931, 45.403 ], [ -123.979, 45.486 ], [ -123.951, 45.566 ], [ -123.934, 45.556 ], [ -123.944, 45.506 ], [ -123.88, 45.459 ], [ -123.867, 45.464 ], [ -123.893, 45.477 ], [ -123.868, 45.502 ], [ -123.898, 45.524 ], [ -123.894, 45.562 ], [ -123.959, 45.571 ], [ -123.924, 45.689 ], [ -123.89, 45.687 ], [ -123.883, 45.69 ], [ -123.882, 45.7 ], [ -123.884, 45.727 ], [ -123.886, 45.691 ], [ -123.918, 45.706 ], [ -123.941, 45.657 ], [ -123.945, 45.731 ], [ -123.982, 45.762 ], [ -123.963, 45.874 ], [ -123.993, 45.946 ], [ -123.937, 45.977 ], [ -123.926, 46.008 ], [ -123.956, 46.131 ], [ -124.025, 46.229 ], [ -124.011, 46.236 ], [ -123.988, 46.207 ], [ -123.874, 46.181 ], [ -123.794, 46.198 ], [ -123.794, 46.252 ], [ -123.742, 46.269 ], [ -123.688, 46.25 ], [ -123.501, 46.271 ], [ -123.448, 46.25 ], [ -123.431, 46.182 ], [ -123.371, 46.147 ], [ -123.28, 46.145 ], [ -123.166, 46.189 ], [ -123.116, 46.186 ], [ -122.904, 46.084 ], [ -122.813, 45.961 ], [ -122.785, 45.868 ], [ -122.796, 45.81 ], [ -122.761, 45.759 ], [ -122.763, 45.656 ], [ -122.642, 45.609 ], [ -122.439, 45.563 ], [ -122.379, 45.576 ], [ -122.297, 45.544 ], [ -121.983, 45.623 ], [ -121.811, 45.707 ], [ -121.708, 45.695 ], [ -121.534, 45.726 ], [ -121.402, 45.693 ], [ -121.337, 45.705 ], [ -121.216, 45.672 ], [ -121.183, 45.606 ], [ -121.064, 45.652 ], [ -120.896, 45.643 ], [ -120.635, 45.745 ], [ -120.56, 45.739 ], [ -120.483, 45.695 ], [ -120.403, 45.699 ], [ -120.211, 45.726 ], [ -120.171, 45.762 ], [ -119.965, 45.824 ], [ -119.67, 45.857 ], [ -119.601, 45.92 ], [ -119.489, 45.906 ], [ -119.257, 45.94 ], [ -119.169, 45.927 ], [ -118.976, 46.001 ], [ -116.917, 45.995 ], [ -116.782, 45.825 ], [ -116.709, 45.826 ], [ -116.665, 45.782 ], [ -116.594, 45.779 ], [ -116.547, 45.751 ], [ -116.535, 45.692 ], [ -116.463, 45.616 ], [ -116.528, 45.552 ], [ -116.555, 45.463 ], [ -116.673, 45.321 ], [ -116.73, 45.142 ], [ -116.848, 45.023 ], [ -116.857, 44.977 ], [ -116.826, 44.982 ], [ -116.851, 44.962 ], [ -116.831, 44.933 ], [ -116.852, 44.888 ], [ -116.899, 44.854 ], [ -116.934, 44.784 ], [ -117.062, 44.727 ], [ -117.149, 44.536 ], [ -117.225, 44.483 ], [ -117.215, 44.427 ], [ -117.243, 44.396 ], [ -117.19, 44.337 ], [ -117.223, 44.298 ], [ -117.198, 44.274 ], [ -117.146, 44.258 ], [ -117.105, 44.28 ], [ -117.051, 44.228 ], [ -117.032, 44.248 ], [ -116.976, 44.243 ], [ -116.971, 44.197 ], [ -116.895, 44.163 ], [ -116.934, 44.1 ], [ -116.977, 44.086 ], [ -116.974, 44.047 ], [ -116.936, 44.027 ], [ -116.936, 43.989 ], [ -116.976, 43.975 ], [ -116.962, 43.919 ], [ -116.981, 43.914 ], [ -116.982, 43.868 ], [ -117.033, 43.831 ], [ -117.026, 42.0 ], [ -123.75, 41.995 ], [ -124.211, 41.998 ], [ -124.353, 42.101 ] ] ] } },
{ "type": "Feature", "properties": { "st": "PA", "name": "Pennsylvania", "k": 17, "eD": 9, "eDiss": 0.2535, "oD": 8, "oDiss": 0.2323, "voteD": 0.506, "pop": 13002700 }, "geometry": { "type": "Polygon", "coordinates": [ [ [ -75.774, 39.722 ], [ -80.519, 39.721 ], [ -80.52, 42.327 ], [ -80.081, 42.394 ], [ -79.762, 42.516 ], [ -79.762, 41.999 ], [ -75.359, 41.999 ], [ -75.278, 41.939 ], [ -75.258, 41.862 ], [ -75.173, 41.873 ], [ -75.072, 41.814 ], [ -75.105, 41.774 ], [ -75.053, 41.752 ], [ -75.05, 41.713 ], [ -75.07, 41.71 ], [ -75.045, 41.619 ], [ -75.075, 41.606 ], [ -74.983, 41.481 ], [ -74.913, 41.476 ], [ -74.892, 41.439 ], [ -74.739, 41.43 ], [ -74.741, 41.406 ], [ -74.693, 41.37 ], [ -74.831, 41.287 ], [ -74.883, 41.181 ], [ -74.982, 41.109 ], [ -74.991, 41.089 ], [ -74.968, 41.088 ], [ -75.129, 40.993 ], [ -75.135, 40.974 ], [ -75.05, 40.866 ], [ -75.096, 40.847 ], [ -75.083, 40.824 ], [ -75.108, 40.791 ], [ -75.196, 40.751 ], [ -75.182, 40.732 ], [ -75.204, 40.691 ], [ -75.177, 40.675 ], [ -75.2, 40.649 ], [ -75.196, 40.578 ], [ -75.116, 40.573 ], [ -75.068, 40.542 ], [ -75.059, 40.418 ], [ -74.967, 40.398 ], [ -74.939, 40.338 ], [ -74.772, 40.216 ], [ -74.722, 40.151 ], [ -74.784, 40.12 ], [ -74.822, 40.126 ], [ -74.862, 40.083 ], [ -74.93, 40.07 ], [ -75.13, 39.959 ], [ -75.144, 39.886 ], [ -75.341, 39.847 ], [ -75.416, 39.802 ], [ -75.598, 39.841 ], [ -75.707, 39.8 ], [ -75.774, 39.722 ] ] ] } },
{ "type": "Feature", "properties": { "st": "RI", "name": "Rhode Island", "k": 2, "eD": 2, "eDiss": 0.2185, "oD": 2, "oDiss": 0.1625, "voteD": 0.606, "pop": 1097379 }, "geometry": { "type": "MultiPolygon", "coordinates": [ [ [ [ -71.679, 41.159 ], [ -71.624, 41.274 ], [ -71.536, 41.286 ], [ -71.487, 41.227 ], [ -71.491, 41.125 ], [ -71.594, 41.096 ], [ -71.65, 41.115 ], [ -71.679, 41.159 ] ] ], [ [ [ -71.867, 41.319 ], [ -71.83, 41.343 ], [ -71.842, 41.41 ], [ -71.798, 41.417 ], [ -71.8, 42.008 ], [ -71.381, 42.019 ], [ -71.381, 41.893 ], [ -71.338, 41.898 ], [ -71.341, 41.797 ], [ -71.261, 41.752 ], [ -71.196, 41.675 ], [ -71.132, 41.661 ], [ -71.121, 41.493 ], [ -71.088, 41.431 ], [ -71.495, 41.308 ], [ -71.576, 41.321 ], [ -71.792, 41.273 ], [ -71.792, 41.184 ], [ -71.907, 41.305 ], [ -71.892, 41.33 ], [ -71.867, 41.319 ] ] ] ] } },
{ "type": "Feature", "properties": { "st": "SC", "name": "South Carolina", "k": 7, "eD": 1, "eDiss": 0.2815, "oD": 2, "oDiss": 0.2625, "voteD": 0.4407, "pop": 5118425 }, "geometry": { "type": "Polygon", "coordinates": [ [ [ -79.273, 33.047 ], [ -79.323, 32.956 ], [ -79.441, 32.959 ], [ -79.496, 32.931 ], [ -79.534, 32.87 ], [ -79.692, 32.76 ], [ -79.761, 32.739 ], [ -79.798, 32.675 ], [ -79.968, 32.564 ], [ -80.089, 32.549 ], [ -80.122, 32.499 ], [ -80.243, 32.473 ], [ -80.258, 32.436 ], [ -80.375, 32.343 ], [ -80.399, 32.274 ], [ -80.497, 32.25 ], [ -80.572, 32.169 ], [ -80.664, 32.143 ], [ -80.748, 32.085 ], [ -80.751, 32.034 ], [ -80.918, 32.037 ], [ -81.002, 32.1 ], [ -81.067, 32.091 ], [ -81.115, 32.115 ], [ -81.13, 32.166 ], [ -81.113, 32.195 ], [ -81.152, 32.222 ], [ -81.123, 32.307 ], [ -81.129, 32.341 ], [ -81.16, 32.341 ], [ -81.205, 32.423 ], [ -81.188, 32.465 ], [ -81.282, 32.557 ], [ -81.357, 32.571 ], [ -81.418, 32.628 ], [ -81.394, 32.652 ], [ -81.428, 32.702 ], [ -81.405, 32.746 ], [ -81.432, 32.769 ], [ -81.418, 32.818 ], [ -81.461, 32.846 ], [ -81.453, 32.873 ], [ -81.48, 32.881 ], [ -81.465, 32.898 ], [ -81.509, 32.952 ], [ -81.491, 33.008 ], [ -81.615, 33.095 ], [ -81.753, 33.15 ], [ -81.768, 33.217 ], [ -81.806, 33.211 ], [ -81.854, 33.249 ], [ -81.829, 33.263 ], [ -81.863, 33.289 ], [ -81.847, 33.306 ], [ -81.881, 33.302 ], [ -81.902, 33.336 ], [ -81.906, 33.321 ], [ -81.914, 33.32 ], [ -81.909, 33.347 ], [ -81.94, 33.345 ], [ -81.947, 33.371 ], [ -81.925, 33.373 ], [ -81.946, 33.407 ], [ -81.91, 33.412 ], [ -81.932, 33.426 ], [ -81.913, 33.438 ], [ -81.926, 33.462 ], [ -81.985, 33.486 ], [ -82.047, 33.564 ], [ -82.196, 33.629 ], [ -82.248, 33.753 ], [ -82.325, 33.82 ], [ -82.557, 33.946 ], [ -82.642, 34.094 ], [ -82.717, 34.15 ], [ -82.746, 34.266 ], [ -82.834, 34.365 ], [ -82.859, 34.456 ], [ -82.901, 34.487 ], [ -82.999, 34.473 ], [ -83.072, 34.503 ], [ -83.16, 34.579 ], [ -83.16, 34.604 ], [ -83.232, 34.612 ], [ -83.342, 34.682 ], [ -83.353, 34.729 ], [ -83.243, 34.878 ], [ -83.112, 34.935 ], [ -83.128, 34.95 ], [ -83.109, 35.001 ], [ -82.785, 35.086 ], [ -82.782, 35.065 ], [ -82.757, 35.067 ], [ -82.682, 35.128 ], [ -82.478, 35.176 ], [ -82.44, 35.166 ], [ -82.393, 35.215 ], [ -82.371, 35.181 ], [ -82.292, 35.2 ], [ -81.034, 35.149 ], [ -81.052, 35.133 ], [ -81.032, 35.108 ], [ -81.057, 35.086 ], [ -81.042, 35.045 ], [ -80.935, 35.108 ], [ -80.782, 34.935 ], [ -80.798, 34.819 ], [ -79.676, 34.805 ], [ -78.499, 33.813 ], [ -78.696, 33.753 ], [ -78.887, 33.612 ], [ -79.088, 33.37 ], [ -79.121, 33.247 ], [ -79.081, 33.208 ], [ -79.082, 33.171 ], [ -79.216, 33.064 ], [ -79.273, 33.047 ] ] ] } },
{ "type": "Feature", "properties": { "st": "SD", "name": "South Dakota", "k": 1, "eD": 0, "eDiss": 0.236, "oD": 0, "oDiss": 0.236, "voteD": 0.3657, "pop": 886667 }, "geometry": { "type": "Polygon", "coordinates": [ [ [ -96.59, 43.494 ], [ -96.593, 43.433 ], [ -96.522, 43.387 ], [ -96.527, 43.305 ], [ -96.589, 43.295 ], [ -96.585, 43.269 ], [ -96.553, 43.259 ], [ -96.559, 43.223 ], [ -96.476, 43.222 ], [ -96.468, 43.152 ], [ -96.437, 43.12 ], [ -96.461, 43.064 ], [ -96.522, 43.04 ], [ -96.492, 43.011 ], [ -96.52, 42.981 ], [ -96.498, 42.957 ], [ -96.541, 42.924 ], [ -96.526, 42.892 ], [ -96.551, 42.838 ], [ -96.581, 42.838 ], [ -96.64, 42.737 ], [ -96.63, 42.706 ], [ -96.516, 42.63 ], [ -96.53, 42.611 ], [ -96.509, 42.613 ], [ -96.486, 42.575 ], [ -96.498, 42.558 ], [ -96.476, 42.556 ], [ -96.493, 42.516 ], [ -96.445, 42.49 ], [ -96.479, 42.48 ], [ -96.549, 42.521 ], [ -96.628, 42.517 ], [ -96.644, 42.557 ], [ -96.71, 42.605 ], [ -96.691, 42.656 ], [ -96.794, 42.666 ], [ -96.806, 42.705 ], [ -96.906, 42.734 ], [ -96.961, 42.72 ], [ -96.979, 42.76 ], [ -97.13, 42.771 ], [ -97.21, 42.81 ], [ -97.237, 42.853 ], [ -97.408, 42.868 ], [ -97.443, 42.846 ], [ -97.612, 42.859 ], [ -97.686, 42.842 ], [ -97.841, 42.868 ], [ -97.876, 42.859 ], [ -97.936, 42.775 ], [ -98.035, 42.764 ], [ -98.148, 42.84 ], [ -98.444, 42.929 ], [ -98.498, 42.999 ], [ -104.053, 43.001 ], [ -104.046, 45.945 ], [ -96.564, 45.935 ], [ -96.584, 45.819 ], [ -96.663, 45.739 ], [ -96.839, 45.648 ], [ -96.857, 45.605 ], [ -96.692, 45.418 ], [ -96.522, 45.375 ], [ -96.453, 45.301 ], [ -96.453, 43.501 ], [ -96.59, 43.494 ] ] ] } },
{ "type": "Feature", "properties": { "st": "TN", "name": "Tennessee", "k": 9, "eD": 1, "eDiss": 0.335, "oD": 2, "oDiss": 0.2641, "voteD": 0.3817, "pop": 6910840 }, "geometry": { "type": "MultiPolygon", "coordinates": [ [ [ [ -90.201, 35.033 ], [ -90.161, 35.129 ], [ -90.1, 35.117 ], [ -90.065, 35.139 ], [ -90.117, 35.188 ], [ -90.074, 35.211 ], [ -90.08, 35.229 ], [ -90.169, 35.28 ], [ -90.159, 35.301 ], [ -90.108, 35.305 ], [ -90.11, 35.343 ], [ -90.076, 35.385 ], [ -90.13, 35.414 ], [ -90.136, 35.377 ], [ -90.18, 35.386 ], [ -90.169, 35.423 ], [ -90.099, 35.479 ], [ -90.067, 35.465 ], [ -90.07, 35.408 ], [ -90.044, 35.394 ], [ -90.019, 35.466 ], [ -90.049, 35.511 ], [ -90.036, 35.552 ], [ -89.989, 35.56 ], [ -89.951, 35.522 ], [ -89.909, 35.519 ], [ -89.909, 35.549 ], [ -89.944, 35.558 ], [ -89.956, 35.59 ], [ -89.857, 35.634 ], [ -89.852, 35.66 ], [ -89.93, 35.66 ], [ -89.956, 35.691 ], [ -89.953, 35.736 ], [ -89.911, 35.76 ], [ -89.876, 35.738 ], [ -89.821, 35.757 ], [ -89.782, 35.806 ], [ -89.705, 35.82 ], [ -89.772, 35.865 ], [ -89.743, 35.907 ], [ -89.646, 35.891 ], [ -89.734, 36.0 ], [ -89.707, 36.001 ], [ -89.679, 36.085 ], [ -89.6, 36.12 ], [ -89.592, 36.15 ], [ -89.706, 36.239 ], [ -89.534, 36.252 ], [ -89.54, 36.277 ], [ -89.62, 36.323 ], [ -89.514, 36.359 ], [ -89.545, 36.427 ], [ -89.519, 36.467 ], [ -89.539, 36.497 ], [ -89.485, 36.497 ], [ -89.493, 36.471 ], [ -89.471, 36.458 ], [ -89.418, 36.499 ], [ -89.301, 36.507 ], [ -88.055, 36.493 ], [ -88.032, 36.541 ], [ -88.043, 36.598 ], [ -83.691, 36.582 ], [ -83.678, 36.598 ], [ -81.933, 36.598 ], [ -81.922, 36.617 ], [ -81.646, 36.612 ], [ -81.665, 36.598 ], [ -81.708, 36.536 ], [ -81.694, 36.468 ], [ -81.742, 36.411 ], [ -81.708, 36.335 ], [ -81.793, 36.363 ], [ -81.855, 36.337 ], [ -81.909, 36.302 ], [ -82.034, 36.12 ], [ -82.128, 36.103 ], [ -82.148, 36.149 ], [ -82.213, 36.159 ], [ -82.245, 36.131 ], [ -82.352, 36.117 ], [ -82.41, 36.082 ], [ -82.461, 36.008 ], [ -82.558, 35.954 ], [ -82.61, 35.967 ], [ -82.591, 36.034 ], [ -82.638, 36.066 ], [ -82.776, 36.001 ], [ -82.805, 35.927 ], [ -82.874, 35.952 ], [ -82.919, 35.929 ], [ -82.896, 35.879 ], [ -82.984, 35.778 ], [ -83.079, 35.79 ], [ -83.16, 35.764 ], [ -83.186, 35.73 ], [ -83.256, 35.716 ], [ -83.297, 35.657 ], [ -83.352, 35.66 ], [ -83.497, 35.564 ], [ -83.661, 35.568 ], [ -83.662, 35.691 ], [ -83.664, 35.569 ], [ -83.772, 35.562 ], [ -83.826, 35.523 ], [ -83.881, 35.519 ], [ -83.912, 35.476 ], [ -83.965, 35.469 ], [ -84.023, 35.411 ], [ -84.007, 35.371 ], [ -84.039, 35.348 ], [ -84.022, 35.302 ], [ -84.052, 35.27 ], [ -84.188, 35.24 ], [ -84.224, 35.269 ], [ -84.29, 35.225 ], [ -84.321, 34.988 ], [ -90.309, 34.996 ], [ -90.293, 35.041 ], [ -90.201, 35.033 ] ] ], [ [ [ -85.677, 36.618 ], [ -85.277, 36.627 ], [ -84.581, 36.598 ], [ -88.043, 36.598 ], [ -88.071, 36.678 ], [ -87.849, 36.664 ], [ -87.854, 36.633 ], [ -86.59, 36.652 ], [ -86.564, 36.633 ], [ -86.508, 36.652 ], [ -85.677, 36.618 ] ] ] ] } },
{ "type": "Feature", "properties": { "st": "TX", "name": "Texas", "k": 38, "eD": 13, "eDiss": 0.2611, "oD": 18, "oDiss": 0.2195, "voteD": 0.4717, "pop": 29145505 }, "geometry": { "type": "Polygon", "coordinates": [ [ [ -98.086, 26.069 ], [ -98.131, 26.074 ], [ -98.146, 26.049 ], [ -98.177, 26.075 ], [ -98.194, 26.053 ], [ -98.249, 26.072 ], [ -98.289, 26.105 ], [ -98.266, 26.121 ], [ -98.306, 26.104 ], [ -98.335, 26.165 ], [ -98.387, 26.158 ], [ -98.446, 26.224 ], [ -98.481, 26.22 ], [ -98.481, 26.201 ], [ -98.521, 26.236 ], [ -98.557, 26.248 ], [ -98.562, 26.224 ], [ -98.587, 26.258 ], [ -98.623, 26.26 ], [ -98.67, 26.237 ], [ -98.719, 26.272 ], [ -98.704, 26.288 ], [ -98.751, 26.296 ], [ -98.736, 26.309 ], [ -98.751, 26.332 ], [ -98.789, 26.33 ], [ -98.807, 26.368 ], [ -98.896, 26.354 ], [ -98.926, 26.394 ], [ -98.947, 26.37 ], [ -98.962, 26.398 ], [ -99.01, 26.392 ], [ -99.038, 26.414 ], [ -99.082, 26.397 ], [ -99.11, 26.426 ], [ -99.091, 26.477 ], [ -99.171, 26.542 ], [ -99.209, 26.725 ], [ -99.24, 26.746 ], [ -99.268, 26.844 ], [ -99.329, 26.879 ], [ -99.325, 26.916 ], [ -99.38, 26.934 ], [ -99.393, 26.961 ], [ -99.377, 26.977 ], [ -99.415, 27.018 ], [ -99.445, 27.021 ], [ -99.426, 27.175 ], [ -99.441, 27.25 ], [ -99.488, 27.261 ], [ -99.495, 27.303 ], [ -99.538, 27.317 ], [ -99.505, 27.339 ], [ -99.48, 27.481 ], [ -99.528, 27.499 ], [ -99.516, 27.572 ], [ -99.555, 27.614 ], [ -99.584, 27.604 ], [ -99.594, 27.639 ], [ -99.639, 27.626 ], [ -99.669, 27.66 ], [ -99.712, 27.658 ], [ -99.814, 27.773 ], [ -99.842, 27.766 ], [ -99.851, 27.794 ], [ -99.878, 27.799 ], [ -99.897, 27.907 ], [ -99.937, 27.941 ], [ -99.932, 27.981 ], [ -99.992, 27.994 ], [ -100.084, 28.145 ], [ -100.208, 28.191 ], [ -100.22, 28.232 ], [ -100.291, 28.275 ], [ -100.286, 28.313 ], [ -100.342, 28.385 ], [ -100.338, 28.443 ], [ -100.368, 28.475 ], [ -100.334, 28.499 ], [ -100.389, 28.515 ], [ -100.411, 28.551 ], [ -100.399, 28.586 ], [ -100.448, 28.61 ], [ -100.447, 28.642 ], [ -100.5, 28.662 ], [ -100.507, 28.741 ], [ -100.533, 28.759 ], [ -100.547, 28.825 ], [ -100.574, 28.829 ], [ -100.6, 28.901 ], [ -100.64, 28.914 ], [ -100.675, 29.101 ], [ -100.776, 29.174 ], [ -100.767, 29.195 ], [ -100.813, 29.264 ], [ -100.876, 29.279 ], [ -100.887, 29.308 ], [ -101.01, 29.368 ], [ -101.06, 29.459 ], [ -101.152, 29.477 ], [ -101.174, 29.515 ], [ -101.255, 29.521 ], [ -101.25, 29.624 ], [ -101.269, 29.63 ], [ -101.291, 29.571 ], [ -101.305, 29.578 ], [ -101.302, 29.65 ], [ -101.361, 29.65 ], [ -101.372, 29.7 ], [ -101.416, 29.746 ], [ -101.401, 29.77 ], [ -101.449, 29.751 ], [ -101.461, 29.789 ], [ -101.536, 29.758 ], [ -101.544, 29.812 ], [ -101.575, 29.769 ], [ -101.644, 29.754 ], [ -101.805, 29.78 ], [ -101.817, 29.812 ], [ -101.824, 29.787 ], [ -101.853, 29.807 ], [ -101.93, 29.782 ], [ -101.976, 29.816 ], [ -102.049, 29.786 ], [ -102.115, 29.792 ], [ -102.187, 29.849 ], [ -102.224, 29.841 ], [ -102.316, 29.88 ], [ -102.365, 29.845 ], [ -102.387, 29.761 ], [ -102.487, 29.787 ], [ -102.548, 29.744 ], [ -102.567, 29.772 ], [ -102.623, 29.736 ], [ -102.669, 29.746 ], [ -102.693, 29.676 ], [ -102.741, 29.633 ], [ -102.74, 29.597 ], [ -102.769, 29.595 ], [ -102.772, 29.548 ], [ -102.809, 29.523 ], [ -102.8, 29.486 ], [ -102.833, 29.411 ], [ -102.813, 29.4 ], [ -102.839, 29.359 ], [ -102.884, 29.347 ], [ -102.906, 29.26 ], [ -102.868, 29.223 ], [ -102.912, 29.219 ], [ -102.952, 29.174 ], [ -102.995, 29.18 ], [ -103.034, 29.101 ], [ -103.101, 29.06 ], [ -103.119, 28.984 ], [ -103.164, 28.972 ], [ -103.267, 28.996 ], [ -103.284, 28.977 ], [ -103.309, 29.025 ], [ -103.337, 29.019 ], [ -103.331, 29.043 ], [ -103.387, 29.021 ], [ -103.45, 29.073 ], [ -103.472, 29.067 ], [ -103.553, 29.158 ], [ -103.719, 29.181 ], [ -103.743, 29.222 ], [ -103.777, 29.221 ], [ -103.784, 29.265 ], [ -104.038, 29.32 ], [ -104.167, 29.395 ], [ -104.218, 29.456 ], [ -104.209, 29.483 ], [ -104.315, 29.533 ], [ -104.339, 29.52 ], [ -104.509, 29.633 ], [ -104.571, 29.779 ], [ -104.683, 29.929 ], [ -104.708, 30.05 ], [ -104.686, 30.076 ], [ -104.686, 30.174 ], [ -104.707, 30.235 ], [ -104.811, 30.333 ], [ -104.816, 30.375 ], [ -104.859, 30.391 ], [ -104.871, 30.511 ], [ -104.922, 30.604 ], [ -104.972, 30.61 ], [ -105.006, 30.686 ], [ -105.055, 30.682 ], [ -105.119, 30.75 ], [ -105.161, 30.752 ], [ -105.156, 30.77 ], [ -105.195, 30.793 ], [ -105.216, 30.783 ], [ -105.215, 30.806 ], [ -105.257, 30.795 ], [ -105.292, 30.827 ], [ -105.316, 30.811 ], [ -105.34, 30.841 ], [ -105.396, 30.849 ], [ -105.4, 30.889 ], [ -105.557, 30.989 ], [ -105.605, 31.084 ], [ -105.774, 31.167 ], [ -105.87, 31.289 ], [ -105.938, 31.318 ], [ -105.954, 31.364 ], [ -106.081, 31.399 ], [ -106.208, 31.467 ], [ -106.385, 31.734 ], [ -106.452, 31.764 ], [ -106.51, 31.761 ], [ -106.636, 31.866 ], [ -106.646, 31.899 ], [ -106.611, 31.92 ], [ -106.629, 31.923 ], [ -106.62, 31.972 ], [ -106.64, 31.98 ], [ -106.618, 32.0 ], [ -103.064, 32.001 ], [ -103.042, 36.501 ], [ -100.0, 36.5 ], [ -100.0, 34.561 ], [ -99.923, 34.574 ], [ -99.694, 34.379 ], [ -99.601, 34.375 ], [ -99.569, 34.418 ], [ -99.406, 34.373 ], [ -99.395, 34.442 ], [ -99.359, 34.456 ], [ -99.319, 34.409 ], [ -99.261, 34.404 ], [ -99.274, 34.384 ], [ -99.207, 34.338 ], [ -99.187, 34.214 ], [ -99.044, 34.198 ], [ -98.988, 34.221 ], [ -98.869, 34.149 ], [ -98.812, 34.158 ], [ -98.757, 34.124 ], [ -98.6, 34.161 ], [ -98.484, 34.062 ], [ -98.414, 34.085 ], [ -98.366, 34.157 ], [ -98.171, 34.114 ], [ -98.109, 34.154 ], [ -98.09, 34.128 ], [ -98.12, 34.072 ], [ -98.082, 34.039 ], [ -98.107, 34.034 ], [ -98.089, 34.006 ], [ -97.946, 33.991 ], [ -97.975, 33.943 ], [ -97.957, 33.915 ], [ -97.984, 33.898 ], [ -97.968, 33.882 ], [ -97.877, 33.85 ], [ -97.833, 33.858 ], [ -97.785, 33.891 ], [ -97.784, 33.918 ], [ -97.763, 33.914 ], [ -97.763, 33.934 ], [ -97.671, 33.991 ], [ -97.59, 33.954 ], [ -97.581, 33.9 ], [ -97.501, 33.919 ], [ -97.461, 33.906 ], [ -97.46, 33.835 ], [ -97.414, 33.818 ], [ -97.365, 33.824 ], [ -97.332, 33.884 ], [ -97.333, 33.856 ], [ -97.309, 33.889 ], [ -97.276, 33.858 ], [ -97.254, 33.866 ], [ -97.243, 33.907 ], [ -97.211, 33.916 ], [ -97.167, 33.848 ], [ -97.206, 33.819 ], [ -97.192, 33.76 ], [ -97.138, 33.719 ], [ -97.086, 33.744 ], [ -97.093, 33.804 ], [ -97.048, 33.818 ], [ -97.088, 33.852 ], [ -97.041, 33.837 ], [ -96.983, 33.891 ], [ -96.989, 33.955 ], [ -96.974, 33.935 ], [ -96.913, 33.955 ], [ -96.871, 33.857 ], [ -96.794, 33.869 ], [ -96.765, 33.825 ], [ -96.7, 33.837 ], [ -96.667, 33.917 ], [ -96.588, 33.894 ], [ -96.629, 33.845 ], [ -96.531, 33.824 ], [ -96.501, 33.772 ], [ -96.423, 33.777 ], [ -96.349, 33.687 ], [ -96.317, 33.698 ], [ -96.294, 33.769 ], [ -96.187, 33.755 ], [ -96.155, 33.815 ], [ -96.178, 33.81 ], [ -96.147, 33.838 ], [ -96.049, 33.836 ], [ -96.027, 33.858 ], [ -96.021, 33.841 ], [ -95.997, 33.852 ], [ -96.003, 33.874 ], [ -95.985, 33.852 ], [ -95.928, 33.885 ], [ -95.83, 33.835 ], [ -95.805, 33.861 ], [ -95.758, 33.849 ], [ -95.753, 33.894 ], [ -95.633, 33.905 ], [ -95.593, 33.943 ], [ -95.554, 33.927 ], [ -95.544, 33.881 ], [ -95.51, 33.898 ], [ -95.506, 33.876 ], [ -95.462, 33.888 ], [ -95.442, 33.867 ], [ -95.33, 33.886 ], [ -95.289, 33.873 ], [ -95.284, 33.906 ], [ -95.258, 33.89 ], [ -95.25, 33.939 ], [ -95.217, 33.963 ], [ -95.125, 33.934 ], [ -95.121, 33.905 ], [ -95.08, 33.921 ], [ -95.089, 33.881 ], [ -95.083, 33.88 ], [ -95.074, 33.916 ], [ -95.067, 33.917 ], [ -95.047, 33.862 ], [ -94.97, 33.861 ], [ -94.948, 33.809 ], [ -94.918, 33.827 ], [ -94.922, 33.791 ], [ -94.868, 33.769 ], [ -94.867, 33.745 ], [ -94.822, 33.732 ], [ -94.823, 33.769 ], [ -94.802, 33.732 ], [ -94.771, 33.761 ], [ -94.758, 33.748 ], [ -94.789, 33.736 ], [ -94.735, 33.727 ], [ -94.754, 33.708 ], [ -94.736, 33.691 ], [ -94.716, 33.695 ], [ -94.735, 33.715 ], [ -94.701, 33.7 ], [ -94.716, 33.688 ], [ -94.639, 33.698 ], [ -94.671, 33.666 ], [ -94.618, 33.682 ], [ -94.616, 33.638 ], [ -94.613, 33.674 ], [ -94.595, 33.664 ], [ -94.588, 33.687 ], [ -94.561, 33.666 ], [ -94.591, 33.645 ], [ -94.543, 33.653 ], [ -94.565, 33.626 ], [ -94.52, 33.64 ], [ -94.524, 33.616 ], [ -94.448, 33.643 ], [ -94.473, 33.603 ], [ -94.411, 33.569 ], [ -94.384, 33.584 ], [ -94.401, 33.56 ], [ -94.386, 33.545 ], [ -94.353, 33.544 ], [ -94.344, 33.568 ], [ -94.312, 33.551 ], [ -94.289, 33.583 ], [ -94.278, 33.557 ], [ -94.242, 33.589 ], [ -94.25, 33.556 ], [ -94.197, 33.555 ], [ -94.217, 33.581 ], [ -94.183, 33.594 ], [ -94.142, 33.581 ], [ -94.128, 33.551 ], [ -94.072, 33.585 ], [ -94.057, 33.561 ], [ -94.073, 33.555 ], [ -94.043, 33.552 ], [ -94.043, 31.993 ], [ -94.018, 31.993 ], [ -93.972, 31.921 ], [ -93.929, 31.913 ], [ -93.932, 31.892 ], [ -93.9, 31.896 ], [ -93.873, 31.815 ], [ -93.823, 31.774 ], [ -93.837, 31.75 ], [ -93.794, 31.702 ], [ -93.826, 31.667 ], [ -93.811, 31.648 ], [ -93.838, 31.595 ], [ -93.799, 31.534 ], [ -93.711, 31.512 ], [ -93.749, 31.468 ], [ -93.704, 31.456 ], [ -93.705, 31.411 ], [ -93.674, 31.398 ], [ -93.671, 31.367 ], [ -93.639, 31.372 ], [ -93.687, 31.308 ], [ -93.62, 31.272 ], [ -93.588, 31.166 ], [ -93.531, 31.18 ], [ -93.539, 31.115 ], [ -93.564, 31.094 ], [ -93.507, 31.032 ], [ -93.579, 31.0 ], [ -93.527, 30.938 ], [ -93.575, 30.885 ], [ -93.554, 30.823 ], [ -93.615, 30.761 ], [ -93.605, 30.717 ], [ -93.63, 30.68 ], [ -93.683, 30.641 ], [ -93.679, 30.594 ], [ -93.728, 30.574 ], [ -93.741, 30.54 ], [ -93.708, 30.521 ], [ -93.697, 30.443 ], [ -93.757, 30.391 ], [ -93.766, 30.333 ], [ -93.705, 30.291 ], [ -93.707, 30.244 ], [ -94.117, 30.241 ], [ -93.705, 30.242 ], [ -93.722, 30.209 ], [ -93.7, 30.176 ], [ -93.709, 30.146 ], [ -93.689, 30.142 ], [ -93.734, 30.086 ], [ -93.7, 30.057 ], [ -93.717, 30.066 ], [ -93.789, 29.988 ], [ -93.838, 29.882 ], [ -93.929, 29.803 ], [ -93.837, 29.69 ], [ -93.815, 29.596 ], [ -93.875, 29.621 ], [ -94.033, 29.625 ], [ -94.625, 29.398 ], [ -94.65, 29.383 ], [ -94.624, 29.343 ], [ -94.65, 29.292 ], [ -94.713, 29.283 ], [ -94.772, 29.231 ], [ -95.087, 29.068 ], [ -95.106, 29.015 ], [ -95.322, 28.834 ], [ -96.183, 28.452 ], [ -96.321, 28.362 ], [ -96.375, 28.291 ], [ -96.619, 28.17 ], [ -96.909, 27.934 ], [ -97.164, 27.568 ], [ -97.25, 27.392 ], [ -97.314, 27.169 ], [ -97.324, 27.01 ], [ -97.3, 26.835 ], [ -97.125, 26.248 ], [ -97.092, 25.974 ], [ -97.147, 25.97 ], [ -97.156, 25.949 ], [ -97.284, 25.959 ], [ -97.277, 25.936 ], [ -97.327, 25.917 ], [ -97.348, 25.931 ], [ -97.375, 25.906 ], [ -97.364, 25.851 ], [ -97.394, 25.837 ], [ -97.409, 25.862 ], [ -97.413, 25.841 ], [ -97.454, 25.854 ], [ -97.456, 25.884 ], [ -97.522, 25.886 ], [ -97.537, 25.931 ], [ -97.583, 25.938 ], [ -97.567, 25.944 ], [ -97.568, 25.952 ], [ -97.603, 25.958 ], [ -97.641, 26.025 ], [ -97.668, 26.02 ], [ -97.663, 26.038 ], [ -97.692, 26.019 ], [ -97.707, 26.038 ], [ -97.759, 26.026 ], [ -97.769, 26.047 ], [ -97.777, 26.03 ], [ -97.802, 26.06 ], [ -97.833, 26.046 ], [ -97.862, 26.07 ], [ -97.968, 26.052 ], [ -98.028, 26.067 ], [ -98.039, 26.041 ], [ -98.075, 26.036 ], [ -98.086, 26.069 ] ] ] } },
{ "type": "Feature", "properties": { "st": "UT", "name": "Utah", "k": 4, "eD": 0, "eDiss": 0.3134, "oD": 1, "oDiss": 0.1976, "voteD": 0.3931, "pop": 3271616 }, "geometry": { "type": "Polygon", "coordinates": [ [ [ -111.83, 40.693 ], [ -111.827, 40.742 ], [ -111.889, 40.748 ], [ -111.885, 40.78 ], [ -111.918, 40.807 ], [ -111.816, 40.871 ], [ -111.863, 40.903 ], [ -111.892, 41.016 ], [ -111.973, 40.986 ], [ -111.988, 41.021 ], [ -112.003, 41.025 ], [ -112.007, 40.985 ], [ -112.047, 40.991 ], [ -112.128, 41.09 ], [ -112.452, 41.088 ], [ -112.799, 41.0 ], [ -114.042, 41.0 ], [ -114.041, 41.994 ], [ -111.047, 42.001 ], [ -111.047, 40.998 ], [ -109.05, 41.001 ], [ -109.045, 36.999 ], [ -111.412, 37.001 ], [ -111.307, 37.012 ], [ -111.282, 37.042 ], [ -111.3, 37.067 ], [ -111.239, 37.022 ], [ -111.241, 37.067 ], [ -111.219, 37.056 ], [ -111.176, 37.103 ], [ -111.139, 37.089 ], [ -110.956, 37.125 ], [ -110.955, 37.152 ], [ -110.891, 37.193 ], [ -110.888, 37.249 ], [ -110.86, 37.26 ], [ -110.873, 37.287 ], [ -110.838, 37.3 ], [ -110.873, 37.346 ], [ -110.804, 37.321 ], [ -110.735, 37.346 ], [ -110.723, 37.372 ], [ -110.753, 37.404 ], [ -110.717, 37.401 ], [ -110.7, 37.432 ], [ -110.748, 37.459 ], [ -110.641, 37.486 ], [ -110.668, 37.497 ], [ -110.664, 37.518 ], [ -110.599, 37.569 ], [ -110.603, 37.603 ], [ -110.568, 37.614 ], [ -110.56, 37.643 ], [ -110.498, 37.651 ], [ -110.488, 37.702 ], [ -110.426, 37.775 ], [ -110.462, 37.771 ], [ -110.477, 37.8 ], [ -110.437, 37.807 ], [ -110.404, 37.881 ], [ -110.304, 37.89 ], [ -110.284, 37.866 ], [ -110.27, 37.898 ], [ -110.209, 37.894 ], [ -110.202, 37.946 ], [ -110.137, 38.005 ], [ -110.079, 37.998 ], [ -110.027, 38.097 ], [ -109.987, 38.1 ], [ -109.887, 38.183 ], [ -109.904, 38.191 ], [ -109.888, 38.208 ], [ -109.921, 38.221 ], [ -109.888, 38.23 ], [ -109.918, 38.242 ], [ -109.907, 38.271 ], [ -109.936, 38.263 ], [ -109.964, 38.319 ], [ -109.942, 38.354 ], [ -109.983, 38.351 ], [ -109.977, 38.389 ], [ -110.013, 38.364 ], [ -110.032, 38.386 ], [ -110.003, 38.414 ], [ -110.045, 38.449 ], [ -110.01, 38.449 ], [ -110.002, 38.482 ], [ -110.025, 38.501 ], [ -111.305, 38.5 ], [ -111.298, 38.756 ], [ -111.301, 39.467 ], [ -111.3, 39.032 ], [ -112.014, 39.046 ], [ -112.017, 39.314 ], [ -112.188, 39.329 ], [ -112.194, 39.49 ], [ -112.212, 39.511 ], [ -112.194, 39.54 ], [ -112.354, 39.554 ], [ -112.301, 39.646 ], [ -112.202, 39.715 ], [ -112.18, 39.758 ], [ -112.115, 39.757 ], [ -112.089, 39.782 ], [ -112.066, 39.83 ], [ -112.081, 39.864 ], [ -112.054, 39.894 ], [ -112.103, 39.929 ], [ -112.11, 39.974 ], [ -112.18, 40.012 ], [ -112.184, 40.06 ], [ -112.151, 40.107 ], [ -112.173, 40.155 ], [ -112.144, 40.174 ], [ -112.199, 40.307 ], [ -112.176, 40.336 ], [ -112.214, 40.452 ], [ -112.172, 40.47 ], [ -112.188, 40.514 ], [ -112.175, 40.604 ], [ -112.197, 40.63 ], [ -112.034, 40.632 ], [ -112.025, 40.682 ], [ -111.83, 40.693 ] ] ] } },
{ "type": "Feature", "properties": { "st": "VA", "name": "Virginia", "k": 11, "eD": 7, "eDiss": 0.2595, "oD": 7, "oDiss": 0.2411, "voteD": 0.552, "pop": 8631393 }, "geometry": { "type": "MultiPolygon", "coordinates": [ [ [ [ -75.797, 36.55 ], [ -80.295, 36.544 ], [ -81.678, 36.588 ], [ -75.811, 36.598 ], [ -75.797, 36.55 ] ] ], [ [ [ -83.276, 36.598 ], [ -81.933, 36.598 ], [ -82.664, 36.593 ], [ -83.276, 36.598 ] ] ], [ [ [ -83.614, 36.635 ], [ -83.135, 36.742 ], [ -83.134, 36.785 ], [ -83.073, 36.854 ], [ -83.007, 36.848 ], [ -82.878, 36.89 ], [ -82.858, 36.929 ], [ -82.867, 36.978 ], [ -82.723, 37.045 ], [ -82.722, 37.121 ], [ -82.499, 37.227 ], [ -82.349, 37.267 ], [ -81.968, 37.538 ], [ -81.926, 37.514 ], [ -81.996, 37.477 ], [ -81.936, 37.439 ], [ -81.928, 37.36 ], [ -81.861, 37.316 ], [ -81.854, 37.287 ], [ -81.758, 37.276 ], [ -81.74, 37.238 ], [ -81.678, 37.202 ], [ -81.554, 37.208 ], [ -81.499, 37.258 ], [ -81.416, 37.274 ], [ -81.365, 37.337 ], [ -81.225, 37.235 ], [ -81.104, 37.281 ], [ -80.945, 37.297 ], [ -80.85, 37.347 ], [ -80.883, 37.384 ], [ -80.859, 37.429 ], [ -80.77, 37.372 ], [ -80.552, 37.474 ], [ -80.512, 37.481 ], [ -80.476, 37.423 ], [ -80.3, 37.509 ], [ -80.283, 37.534 ], [ -80.331, 37.536 ], [ -80.313, 37.547 ], [ -80.328, 37.564 ], [ -80.221, 37.627 ], [ -80.267, 37.646 ], [ -80.296, 37.693 ], [ -80.252, 37.727 ], [ -80.258, 37.757 ], [ -80.217, 37.776 ], [ -80.228, 37.798 ], [ -80.149, 37.887 ], [ -80.0, 37.995 ], [ -79.927, 38.106 ], [ -79.945, 38.132 ], [ -79.915, 38.189 ], [ -79.79, 38.268 ], [ -79.81, 38.307 ], [ -79.765, 38.357 ], [ -79.725, 38.364 ], [ -79.65, 38.591 ], [ -79.537, 38.551 ], [ -79.476, 38.457 ], [ -79.283, 38.418 ], [ -79.21, 38.493 ], [ -79.13, 38.655 ], [ -79.093, 38.66 ], [ -79.055, 38.786 ], [ -79.027, 38.793 ], [ -79.0, 38.846 ], [ -78.869, 38.763 ], [ -78.739, 38.927 ], [ -78.717, 38.936 ], [ -78.717, 38.904 ], [ -78.629, 38.981 ], [ -78.602, 38.965 ], [ -78.551, 39.018 ], [ -78.571, 39.032 ], [ -78.404, 39.167 ], [ -78.438, 39.198 ], [ -78.4, 39.244 ], [ -78.419, 39.258 ], [ -78.339, 39.348 ], [ -78.367, 39.36 ], [ -78.344, 39.388 ], [ -78.36, 39.409 ], [ -78.348, 39.466 ], [ -77.829, 39.133 ], [ -77.735, 39.313 ], [ -77.566, 39.306 ], [ -77.543, 39.267 ], [ -77.458, 39.225 ], [ -77.518, 39.169 ], [ -77.521, 39.122 ], [ -77.456, 39.074 ], [ -77.254, 39.03 ], [ -77.245, 38.983 ], [ -77.15, 38.966 ], [ -77.069, 38.901 ], [ -77.033, 38.855 ], [ -77.046, 38.714 ], [ -77.123, 38.686 ], [ -77.13, 38.635 ], [ -77.246, 38.593 ], [ -77.319, 38.474 ], [ -77.305, 38.375 ], [ -77.265, 38.333 ], [ -77.084, 38.369 ], [ -77.044, 38.401 ], [ -77.011, 38.375 ], [ -77.028, 38.305 ], [ -76.962, 38.257 ], [ -76.95, 38.208 ], [ -76.838, 38.164 ], [ -76.605, 38.149 ], [ -76.597, 38.106 ], [ -76.536, 38.075 ], [ -76.517, 38.026 ], [ -76.236, 37.887 ], [ -76.051, 37.954 ], [ -75.944, 37.946 ], [ -75.953, 37.907 ], [ -75.802, 37.912 ], [ -75.704, 37.955 ], [ -75.648, 37.947 ], [ -75.624, 37.994 ], [ -75.167, 38.028 ], [ -75.303, 37.838 ], [ -75.361, 37.81 ], [ -75.417, 37.821 ], [ -75.461, 37.772 ], [ -75.542, 37.607 ], [ -75.53, 37.557 ], [ -75.645, 37.342 ], [ -75.715, 37.275 ], [ -75.766, 37.155 ], [ -75.889, 37.054 ], [ -75.928, 36.938 ], [ -75.811, 36.598 ], [ -81.665, 36.598 ], [ -81.646, 36.612 ], [ -81.922, 36.617 ], [ -81.933, 36.598 ], [ -83.676, 36.601 ], [ -83.614, 36.635 ] ] ] ] } },
{ "type": "Feature", "properties": { "st": "VT", "name": "Vermont", "k": 1, "eD": 1, "eDiss": 0.249, "oD": 1, "oDiss": 0.249, "voteD": 0.683, "pop": 643077 }, "geometry": { "type": "Polygon", "coordinates": [ [ [ -73.343, 45.01 ], [ -71.465, 45.013 ], [ -71.537, 44.994 ], [ -71.495, 44.905 ], [ -71.55, 44.862 ], [ -71.573, 44.791 ], [ -71.632, 44.752 ], [ -71.587, 44.66 ], [ -71.547, 44.63 ], [ -71.562, 44.601 ], [ -71.535, 44.588 ], [ -71.597, 44.559 ], [ -71.572, 44.538 ], [ -71.594, 44.522 ], [ -71.577, 44.502 ], [ -71.647, 44.473 ], [ -71.678, 44.427 ], [ -71.794, 44.399 ], [ -71.812, 44.357 ], [ -71.871, 44.337 ], [ -71.912, 44.348 ], [ -72.033, 44.321 ], [ -72.069, 44.271 ], [ -72.048, 44.239 ], [ -72.066, 44.19 ], [ -72.033, 44.132 ], [ -72.055, 44.11 ], [ -72.032, 44.079 ], [ -72.106, 44.013 ], [ -72.114, 43.968 ], [ -72.091, 43.966 ], [ -72.184, 43.864 ], [ -72.205, 43.771 ], [ -72.3, 43.707 ], [ -72.328, 43.601 ], [ -72.381, 43.573 ], [ -72.399, 43.513 ], [ -72.382, 43.48 ], [ -72.416, 43.377 ], [ -72.39, 43.356 ], [ -72.411, 43.331 ], [ -72.396, 43.313 ], [ -72.438, 43.252 ], [ -72.458, 43.147 ], [ -72.434, 43.087 ], [ -72.467, 43.053 ], [ -72.444, 43.008 ], [ -72.532, 42.955 ], [ -72.525, 42.915 ], [ -72.555, 42.875 ], [ -72.515, 42.765 ], [ -72.491, 42.773 ], [ -72.459, 42.727 ], [ -73.276, 42.746 ], [ -73.291, 42.801 ], [ -73.242, 43.535 ], [ -73.295, 43.576 ], [ -73.306, 43.628 ], [ -73.372, 43.624 ], [ -73.396, 43.567 ], [ -73.431, 43.588 ], [ -73.427, 43.643 ], [ -73.35, 43.771 ], [ -73.393, 43.822 ], [ -73.374, 43.876 ], [ -73.408, 43.932 ], [ -73.408, 44.021 ], [ -73.438, 44.045 ], [ -73.39, 44.191 ], [ -73.313, 44.266 ], [ -73.335, 44.364 ], [ -73.294, 44.439 ], [ -73.306, 44.5 ], [ -73.39, 44.619 ], [ -73.365, 44.742 ], [ -73.334, 44.789 ], [ -73.382, 44.849 ], [ -73.339, 44.918 ], [ -73.354, 44.987 ], [ -73.343, 45.01 ] ] ] } },
{ "type": "Feature", "properties": { "st": "WA", "name": "Washington", "k": 10, "eD": 7, "eDiss": 0.2252, "oD": 8, "oDiss": 0.2076, "voteD": 0.5993, "pop": 7705281 }, "geometry": { "type": "MultiPolygon", "coordinates": [ [ [ [ -123.322, 46.148 ], [ -123.422, 46.178 ], [ -123.422, 46.206 ], [ -123.322, 46.148 ] ] ], [ [ [ -123.942, 46.463 ], [ -123.97, 46.45 ], [ -123.941, 46.411 ], [ -123.966, 46.409 ], [ -123.992, 46.448 ], [ -123.993, 46.482 ], [ -123.986, 46.498 ], [ -123.971, 46.48 ], [ -123.986, 46.485 ], [ -123.988, 46.468 ], [ -123.942, 46.463 ] ] ], [ [ [ -123.957, 46.347 ], [ -123.952, 46.346 ], [ -123.952, 46.402 ], [ -123.922, 46.422 ], [ -123.934, 46.433 ], [ -123.934, 46.458 ], [ -123.919, 46.426 ], [ -123.854, 46.417 ], [ -123.842, 46.389 ], [ -123.841, 46.389 ], [ -123.852, 46.421 ], [ -123.94, 46.467 ], [ -123.924, 46.511 ], [ -123.897, 46.505 ], [ -123.878, 46.517 ], [ -123.894, 46.515 ], [ -123.894, 46.549 ], [ -123.951, 46.602 ], [ -123.96, 46.636 ], [ -123.944, 46.621 ], [ -123.904, 46.622 ], [ -123.94, 46.639 ], [ -123.92, 46.64 ], [ -123.926, 46.672 ], [ -123.85, 46.703 ], [ -123.804, 46.664 ], [ -123.75, 46.685 ], [ -123.743, 46.688 ], [ -123.736, 46.671 ], [ -123.725, 46.668 ], [ -123.742, 46.689 ], [ -123.724, 46.695 ], [ -123.75, 46.688 ], [ -123.805, 46.678 ], [ -123.83, 46.717 ], [ -123.907, 46.765 ], [ -123.889, 46.753 ], [ -123.913, 46.727 ], [ -123.979, 46.75 ], [ -123.978, 46.726 ], [ -124.0, 46.727 ], [ -123.979, 46.716 ], [ -124.0, 46.719 ], [ -123.971, 46.703 ], [ -124.095, 46.743 ], [ -124.11, 46.841 ], [ -124.151, 46.906 ], [ -124.11, 46.913 ], [ -124.078, 46.844 ], [ -124.026, 46.835 ], [ -124.008, 46.842 ], [ -124.04, 46.864 ], [ -124.016, 46.871 ], [ -124.066, 46.863 ], [ -124.047, 46.894 ], [ -123.806, 46.971 ], [ -123.949, 46.969 ], [ -123.92, 46.981 ], [ -124.012, 46.985 ], [ -124.026, 47.031 ], [ -124.122, 47.042 ], [ -124.151, 47.02 ], [ -124.108, 46.935 ], [ -124.155, 46.937 ], [ -124.135, 46.947 ], [ -124.158, 46.94 ], [ -124.161, 46.929 ], [ -124.18, 46.927 ], [ -124.183, 47.136 ], [ -124.174, 47.119 ], [ -124.239, 47.291 ], [ -124.321, 47.356 ], [ -124.367, 47.587 ], [ -124.424, 47.738 ], [ -124.481, 47.768 ], [ -124.492, 47.82 ], [ -124.542, 47.833 ], [ -124.581, 47.876 ], [ -124.612, 47.872 ], [ -124.678, 47.968 ], [ -124.687, 48.098 ], [ -124.736, 48.172 ], [ -124.702, 48.179 ], [ -124.706, 48.239 ], [ -124.655, 48.322 ], [ -124.726, 48.386 ], [ -124.566, 48.368 ], [ -124.395, 48.288 ], [ -124.111, 48.221 ], [ -124.11, 48.201 ], [ -124.051, 48.178 ], [ -123.75, 48.16 ], [ -123.587, 48.135 ], [ -123.537, 48.147 ], [ -123.414, 48.116 ], [ -123.241, 48.118 ], [ -123.213, 48.129 ], [ -123.165, 48.165 ], [ -123.151, 48.173 ], [ -123.143, 48.176 ], [ -123.186, 48.146 ], [ -123.15, 48.159 ], [ -123.066, 48.12 ], [ -123.047, 48.058 ], [ -123.007, 48.023 ], [ -123.007, 48.069 ], [ -123.041, 48.08 ], [ -122.916, 48.096 ], [ -122.927, 48.065 ], [ -122.872, 48.048 ], [ -122.856, 48.017 ], [ -122.871, 47.994 ], [ -122.84, 48.002 ], [ -122.827, 48.045 ], [ -122.892, 48.076 ], [ -122.838, 48.137 ], [ -122.754, 48.144 ], [ -122.75, 48.116 ], [ -122.801, 48.085 ], [ -122.75, 48.027 ], [ -122.731, 48.032 ], [ -122.747, 48.073 ], [ -122.726, 48.087 ], [ -122.716, 48.04 ], [ -122.69, 48.03 ], [ -122.69, 48.053 ], [ -122.73, 48.092 ], [ -122.687, 48.102 ], [ -122.671, 48.017 ], [ -122.731, 48.02 ], [ -122.679, 47.968 ], [ -122.682, 47.922 ], [ -122.704, 47.917 ], [ -122.68, 47.915 ], [ -122.658, 47.931 ], [ -122.647, 47.895 ], [ -122.61, 47.888 ], [ -122.691, 47.868 ], [ -122.687, 47.833 ], [ -122.749, 47.803 ], [ -122.775, 47.69 ], [ -122.833, 47.692 ], [ -122.789, 47.785 ], [ -122.805, 47.854 ], [ -122.824, 47.787 ], [ -122.853, 47.781 ], [ -122.848, 47.811 ], [ -122.866, 47.805 ], [ -122.852, 47.738 ], [ -122.883, 47.732 ], [ -122.883, 47.688 ], [ -122.922, 47.661 ], [ -122.904, 47.646 ], [ -122.982, 47.614 ], [ -123.046, 47.55 ], [ -123.058, 47.501 ], [ -123.116, 47.466 ], [ -123.159, 47.37 ], [ -123.117, 47.333 ], [ -123.105, 47.357 ], [ -123.029, 47.351 ], [ -122.842, 47.433 ], [ -122.978, 47.396 ], [ -123.03, 47.359 ], [ -123.12, 47.39 ], [ -123.084, 47.444 ], [ -123.05, 47.453 ], [ -123.067, 47.459 ], [ -122.966, 47.586 ], [ -122.852, 47.649 ], [ -122.753, 47.668 ], [ -122.741, 47.737 ], [ -122.609, 47.856 ], [ -122.58, 47.857 ], [ -122.58, 47.811 ], [ -122.563, 47.821 ], [ -122.581, 47.906 ], [ -122.617, 47.938 ], [ -122.525, 47.912 ], [ -122.473, 47.749 ], [ -122.552, 47.746 ], [ -122.554, 47.766 ], [ -122.561, 47.766 ], [ -122.55, 47.732 ], [ -122.59, 47.69 ], [ -122.655, 47.735 ], [ -122.64, 47.701 ], [ -122.614, 47.701 ], [ -122.614, 47.651 ], [ -122.591, 47.637 ], [ -122.607, 47.568 ], [ -122.654, 47.592 ], [ -122.686, 47.647 ], [ -122.709, 47.612 ], [ -122.686, 47.606 ], [ -122.684, 47.577 ], [ -122.668, 47.604 ], [ -122.661, 47.58 ], [ -122.618, 47.564 ], [ -122.684, 47.53 ], [ -122.606, 47.549 ], [ -122.555, 47.59 ], [ -122.532, 47.565 ], [ -122.544, 47.527 ], [ -122.495, 47.511 ], [ -122.532, 47.47 ], [ -122.552, 47.394 ], [ -122.539, 47.375 ], [ -122.572, 47.327 ], [ -122.592, 47.337 ], [ -122.551, 47.281 ], [ -122.581, 47.255 ], [ -122.612, 47.3 ], [ -122.602, 47.272 ], [ -122.695, 47.282 ], [ -122.65, 47.33 ], [ -122.671, 47.343 ], [ -122.624, 47.371 ], [ -122.627, 47.404 ], [ -122.629, 47.383 ], [ -122.702, 47.372 ], [ -122.694, 47.355 ], [ -122.73, 47.341 ], [ -122.772, 47.267 ], [ -122.719, 47.25 ], [ -122.771, 47.167 ], [ -122.768, 47.19 ], [ -122.79, 47.188 ], [ -122.831, 47.245 ], [ -122.779, 47.316 ], [ -122.793, 47.307 ], [ -122.79, 47.338 ], [ -122.764, 47.343 ], [ -122.796, 47.347 ], [ -122.78, 47.37 ], [ -122.807, 47.357 ], [ -122.816, 47.401 ], [ -122.83, 47.405 ], [ -122.833, 47.329 ], [ -122.927, 47.281 ], [ -122.936, 47.206 ], [ -123.069, 47.21 ], [ -123.028, 47.221 ], [ -123.048, 47.234 ], [ -123.017, 47.262 ], [ -123.095, 47.214 ], [ -122.996, 47.195 ], [ -122.938, 47.198 ], [ -122.963, 47.169 ], [ -123.03, 47.153 ], [ -123.022, 47.123 ], [ -123.084, 47.108 ], [ -123.08, 47.092 ], [ -122.967, 47.146 ], [ -122.941, 47.182 ], [ -122.918, 47.172 ], [ -122.97, 47.115 ], [ -122.956, 47.107 ], [ -122.991, 47.107 ], [ -123.017, 47.074 ], [ -122.991, 47.036 ], [ -123.006, 47.074 ], [ -122.945, 47.096 ], [ -122.926, 47.146 ], [ -122.937, 47.081 ], [ -122.919, 47.069 ], [ -122.885, 47.11 ], [ -122.907, 47.14 ], [ -122.852, 47.165 ], [ -122.84, 47.133 ], [ -122.842, 47.131 ], [ -122.829, 47.095 ], [ -122.82, 47.092 ], [ -122.815, 47.179 ], [ -122.726, 47.084 ], [ -122.686, 47.096 ], [ -122.613, 47.168 ], [ -122.591, 47.177 ], [ -122.585, 47.185 ], [ -122.577, 47.185 ], [ -122.573, 47.191 ], [ -122.529, 47.284 ], [ -122.544, 47.318 ], [ -122.432, 47.242 ], [ -122.415, 47.277 ], [ -122.374, 47.254 ], [ -122.41, 47.284 ], [ -122.357, 47.259 ], [ -122.444, 47.306 ], [ -122.325, 47.349 ], [ -122.33, 47.405 ], [ -122.384, 47.45 ], [ -122.363, 47.485 ], [ -122.423, 47.576 ], [ -122.341, 47.603 ], [ -122.441, 47.662 ], [ -122.417, 47.677 ], [ -122.407, 47.666 ], [ -122.344, 47.644 ], [ -122.334, 47.628 ], [ -122.323, 47.652 ], [ -122.312, 47.644 ], [ -122.275, 47.641 ], [ -122.286, 47.583 ], [ -122.241, 47.555 ], [ -122.263, 47.535 ], [ -122.25, 47.513 ], [ -122.202, 47.506 ], [ -122.191, 47.562 ], [ -122.201, 47.608 ], [ -122.242, 47.618 ], [ -122.206, 47.673 ], [ -122.211, 47.702 ], [ -122.259, 47.715 ], [ -122.257, 47.755 ], [ -122.285, 47.737 ], [ -122.245, 47.68 ], [ -122.275, 47.648 ], [ -122.323, 47.653 ], [ -122.337, 47.644 ], [ -122.414, 47.679 ], [ -122.374, 47.727 ], [ -122.395, 47.778 ], [ -122.264, 47.777 ], [ -122.399, 47.78 ], [ -122.399, 47.804 ], [ -122.336, 47.852 ], [ -122.307, 47.949 ], [ -122.249, 47.958 ], [ -122.206, 48.029 ], [ -122.173, 48.036 ], [ -122.29, 48.052 ], [ -122.272, 48.057 ], [ -122.364, 48.126 ], [ -122.352, 48.188 ], [ -122.37, 48.198 ], [ -122.366, 48.215 ], [ -122.388, 48.226 ], [ -122.392, 48.238 ], [ -122.393, 48.239 ], [ -122.397, 48.242 ], [ -122.357, 48.308 ], [ -122.473, 48.353 ], [ -122.484, 48.387 ], [ -122.509, 48.374 ], [ -122.493, 48.395 ], [ -122.493, 48.401 ], [ -122.499, 48.44 ], [ -122.513, 48.451 ], [ -122.513, 48.461 ], [ -122.47, 48.45 ], [ -122.474, 48.518 ], [ -122.5, 48.565 ], [ -122.558, 48.574 ], [ -122.561, 48.583 ], [ -122.456, 48.554 ], [ -122.423, 48.599 ], [ -122.511, 48.666 ], [ -122.489, 48.672 ], [ -122.524, 48.715 ], [ -122.496, 48.745 ], [ -122.537, 48.777 ], [ -122.599, 48.776 ], [ -122.651, 48.715 ], [ -122.672, 48.732 ], [ -122.646, 48.784 ], [ -122.699, 48.805 ], [ -122.699, 48.789 ], [ -122.71, 48.786 ], [ -122.716, 48.844 ], [ -122.794, 48.895 ], [ -122.749, 48.913 ], [ -122.749, 48.934 ], [ -122.823, 48.943 ], [ -122.818, 48.956 ], [ -122.797, 48.975 ], [ -122.774, 48.992 ], [ -122.785, 48.97 ], [ -122.732, 48.962 ], [ -122.757, 49.002 ], [ -117.032, 48.999 ], [ -117.035, 46.416 ], [ -117.063, 46.365 ], [ -116.985, 46.296 ], [ -116.955, 46.231 ], [ -116.966, 46.203 ], [ -116.922, 46.168 ], [ -116.982, 46.09 ], [ -116.915, 45.995 ], [ -118.987, 46.0 ], [ -118.941, 46.027 ], [ -118.942, 46.075 ], [ -118.971, 46.136 ], [ -119.015, 46.177 ], [ -119.041, 46.193 ], [ -119.107, 46.218 ], [ -119.023, 46.181 ], [ -118.946, 46.074 ], [ -118.95, 46.03 ], [ -119.016, 45.978 ], [ -119.128, 45.937 ], [ -119.487, 45.906 ], [ -119.571, 45.925 ], [ -119.67, 45.857 ], [ -119.965, 45.824 ], [ -120.171, 45.762 ], [ -120.211, 45.726 ], [ -120.483, 45.695 ], [ -120.56, 45.739 ], [ -120.637, 45.745 ], [ -120.896, 45.643 ], [ -121.064, 45.652 ], [ -121.146, 45.608 ], [ -121.197, 45.617 ], [ -121.216, 45.672 ], [ -121.337, 45.705 ], [ -121.463, 45.701 ], [ -121.525, 45.744 ], [ -121.523, 45.724 ], [ -121.631, 45.705 ], [ -121.867, 45.694 ], [ -121.984, 45.623 ], [ -122.267, 45.544 ], [ -122.683, 45.621 ], [ -122.764, 45.657 ], [ -122.761, 45.761 ], [ -122.794, 45.808 ], [ -122.785, 45.868 ], [ -122.815, 45.961 ], [ -122.904, 46.084 ], [ -123.121, 46.186 ], [ -123.267, 46.153 ], [ -123.328, 46.164 ], [ -123.456, 46.269 ], [ -123.674, 46.269 ], [ -123.684, 46.306 ], [ -123.709, 46.312 ], [ -123.75, 46.292 ], [ -123.872, 46.242 ], [ -123.948, 46.269 ], [ -123.971, 46.302 ], [ -123.96, 46.301 ], [ -123.952, 46.31 ], [ -124.01, 46.32 ], [ -124.051, 46.299 ], [ -124.038, 46.265 ], [ -124.059, 46.281 ], [ -124.064, 46.277 ], [ -124.088, 46.263 ], [ -124.058, 46.395 ], [ -124.066, 46.64 ], [ -124.055, 46.648 ], [ -124.034, 46.632 ], [ -124.052, 46.624 ], [ -124.023, 46.582 ], [ -124.016, 46.376 ], [ -123.957, 46.347 ] ], [ [ -123.83, 46.388 ], [ -123.834, 46.379 ], [ -123.832, 46.379 ], [ -123.828, 46.389 ], [ -123.841, 46.389 ], [ -123.83, 46.388 ] ], [ [ -119.115, 46.222 ], [ -119.207, 46.237 ], [ -119.237, 46.262 ], [ -119.268, 46.277 ], [ -119.25, 46.315 ], [ -119.269, 46.371 ], [ -119.258, 46.489 ], [ -119.27, 46.521 ], [ -119.274, 46.523 ], [ -119.272, 46.282 ], [ -119.266, 46.271 ], [ -119.239, 46.261 ], [ -119.237, 46.251 ], [ -119.257, 46.254 ], [ -119.244, 46.241 ], [ -119.107, 46.218 ], [ -119.115, 46.222 ] ], [ [ -123.826, 46.37 ], [ -123.819, 46.369 ], [ -123.821, 46.377 ], [ -123.823, 46.377 ], [ -123.826, 46.37 ] ] ], [ [ [ -122.912, 47.283 ], [ -122.85, 47.302 ], [ -122.872, 47.274 ], [ -122.841, 47.207 ], [ -122.855, 47.178 ], [ -122.879, 47.163 ], [ -122.925, 47.244 ], [ -122.912, 47.283 ] ] ], [ [ [ -123.008, 48.473 ], [ -122.963, 48.45 ], [ -123.143, 48.506 ], [ -123.177, 48.566 ], [ -123.138, 48.602 ], [ -123.166, 48.605 ], [ -123.107, 48.622 ], [ -123.106, 48.599 ], [ -123.013, 48.56 ], [ -123.021, 48.538 ], [ -122.971, 48.526 ], [ -123.021, 48.517 ], [ -123.008, 48.473 ] ] ], [ [ [ -122.903, 48.579 ], [ -122.948, 48.547 ], [ -123.017, 48.58 ], [ -122.903, 48.579 ] ] ], [ [ [ -122.993, 48.636 ], [ -122.978, 48.599 ], [ -123.03, 48.63 ], [ -122.951, 48.712 ], [ -122.877, 48.713 ], [ -122.742, 48.661 ], [ -122.798, 48.632 ], [ -122.8, 48.601 ], [ -122.83, 48.6 ], [ -122.882, 48.654 ], [ -122.885, 48.69 ], [ -122.91, 48.695 ], [ -122.911, 48.656 ], [ -122.866, 48.601 ], [ -122.934, 48.593 ], [ -122.993, 48.636 ] ] ], [ [ [ -122.742, 47.152 ], [ -122.706, 47.187 ], [ -122.673, 47.173 ], [ -122.676, 47.143 ], [ -122.709, 47.149 ], [ -122.705, 47.132 ], [ -122.742, 47.152 ] ] ], [ [ [ -122.43, 47.39 ], [ -122.439, 47.407 ], [ -122.484, 47.381 ], [ -122.492, 47.332 ], [ -122.526, 47.34 ], [ -122.514, 47.449 ], [ -122.474, 47.512 ], [ -122.432, 47.466 ], [ -122.439, 47.408 ], [ -122.374, 47.388 ], [ -122.473, 47.347 ], [ -122.43, 47.39 ] ] ], [ [ [ -122.548, 47.602 ], [ -122.577, 47.6 ], [ -122.594, 47.664 ], [ -122.558, 47.673 ], [ -122.554, 47.722 ], [ -122.529, 47.704 ], [ -122.543, 47.698 ], [ -122.547, 47.692 ], [ -122.504, 47.7 ], [ -122.514, 47.652 ], [ -122.492, 47.62 ], [ -122.524, 47.62 ], [ -122.478, 47.584 ], [ -122.521, 47.574 ], [ -122.548, 47.602 ] ] ], [ [ [ -122.664, 48.277 ], [ -122.658, 48.246 ], [ -122.735, 48.228 ], [ -122.606, 48.207 ], [ -122.568, 48.147 ], [ -122.54, 48.016 ], [ -122.51, 48.04 ], [ -122.524, 48.096 ], [ -122.377, 48.035 ], [ -122.349, 47.96 ], [ -122.378, 47.906 ], [ -122.386, 47.925 ], [ -122.432, 47.915 ], [ -122.481, 47.996 ], [ -122.547, 47.967 ], [ -122.543, 47.996 ], [ -122.607, 48.031 ], [ -122.594, 48.054 ], [ -122.614, 48.079 ], [ -122.585, 48.11 ], [ -122.612, 48.155 ], [ -122.679, 48.154 ], [ -122.769, 48.225 ], [ -122.673, 48.355 ], [ -122.664, 48.403 ], [ -122.602, 48.41 ], [ -122.581, 48.37 ], [ -122.636, 48.369 ], [ -122.583, 48.369 ], [ -122.598, 48.356 ], [ -122.506, 48.309 ], [ -122.559, 48.272 ], [ -122.591, 48.299 ], [ -122.631, 48.268 ], [ -122.636, 48.289 ], [ -122.664, 48.277 ] ] ], [ [ [ -122.441, 48.21 ], [ -122.476, 48.204 ], [ -122.476, 48.167 ], [ -122.356, 48.056 ], [ -122.467, 48.131 ], [ -122.511, 48.132 ], [ -122.537, 48.183 ], [ -122.533, 48.247 ], [ -122.46, 48.269 ], [ -122.392, 48.235 ], [ -122.451, 48.232 ], [ -122.441, 48.21 ] ] ], [ [ [ -122.657, 48.471 ], [ -122.702, 48.498 ], [ -122.601, 48.521 ], [ -122.585, 48.466 ], [ -122.568, 48.508 ], [ -122.517, 48.459 ], [ -122.499, 48.391 ], [ -122.533, 48.375 ], [ -122.555, 48.42 ], [ -122.576, 48.417 ], [ -122.547, 48.455 ], [ -122.65, 48.408 ], [ -122.679, 48.439 ], [ -122.657, 48.471 ] ] ], [ [ [ -122.852, 48.446 ], [ -122.813, 48.472 ], [ -122.802, 48.426 ], [ -122.893, 48.42 ], [ -122.863, 48.441 ], [ -122.945, 48.466 ], [ -122.943, 48.497 ], [ -122.932, 48.518 ], [ -122.937, 48.5 ], [ -122.914, 48.51 ], [ -122.921, 48.551 ], [ -122.885, 48.573 ], [ -122.852, 48.537 ], [ -122.874, 48.506 ], [ -122.852, 48.446 ] ] ], [ [ [ -122.645, 48.589 ], [ -122.573, 48.531 ], [ -122.596, 48.538 ], [ -122.645, 48.527 ], [ -122.645, 48.589 ] ] ], [ [ [ -122.809, 48.531 ], [ -122.831, 48.572 ], [ -122.812, 48.588 ], [ -122.771, 48.562 ], [ -122.809, 48.531 ] ] ], [ [ [ -122.741, 48.585 ], [ -122.712, 48.608 ], [ -122.668, 48.567 ], [ -122.723, 48.54 ], [ -122.741, 48.585 ] ] ], [ [ [ -122.618, 48.672 ], [ -122.609, 48.64 ], [ -122.723, 48.731 ], [ -122.716, 48.749 ], [ -122.618, 48.672 ] ] ] ] } },
{ "type": "Feature", "properties": { "st": "WI", "name": "Wisconsin", "k": 8, "eD": 2, "eDiss": 0.2149, "oD": 2, "oDiss": 0.206, "voteD": 0.5032, "pop": 5893718 }, "geometry": { "type": "MultiPolygon", "coordinates": [ [ [ [ -90.636, 42.515 ], [ -90.714, 42.644 ], [ -90.952, 42.686 ], [ -91.066, 42.751 ], [ -91.1, 42.883 ], [ -91.145, 42.908 ], [ -91.18, 43.068 ], [ -91.176, 43.135 ], [ -91.057, 43.255 ], [ -91.107, 43.313 ], [ -91.215, 43.366 ], [ -91.198, 43.395 ], [ -91.233, 43.454 ], [ -91.217, 43.513 ], [ -91.273, 43.667 ], [ -91.244, 43.775 ], [ -91.366, 43.937 ], [ -91.438, 44.0 ], [ -91.592, 44.031 ], [ -91.722, 44.13 ], [ -91.875, 44.201 ], [ -91.924, 44.332 ], [ -91.971, 44.366 ], [ -92.259, 44.476 ], [ -92.298, 44.541 ], [ -92.549, 44.568 ], [ -92.569, 44.603 ], [ -92.622, 44.615 ], [ -92.633, 44.649 ], [ -92.808, 44.752 ], [ -92.766, 44.835 ], [ -92.774, 44.898 ], [ -92.751, 44.938 ], [ -92.762, 45.024 ], [ -92.803, 45.063 ], [ -92.74, 45.116 ], [ -92.767, 45.189 ], [ -92.762, 45.288 ], [ -92.65, 45.398 ], [ -92.646, 45.442 ], [ -92.769, 45.566 ], [ -92.884, 45.576 ], [ -92.869, 45.718 ], [ -92.785, 45.765 ], [ -92.766, 45.83 ], [ -92.708, 45.895 ], [ -92.552, 45.952 ], [ -92.525, 45.984 ], [ -92.469, 45.973 ], [ -92.428, 46.025 ], [ -92.351, 46.016 ], [ -92.333, 46.063 ], [ -92.293, 46.074 ], [ -92.292, 46.667 ], [ -92.219, 46.645 ], [ -92.173, 46.669 ], [ -92.181, 46.7 ], [ -92.167, 46.678 ], [ -92.134, 46.67 ], [ -92.162, 46.686 ], [ -92.173, 46.711 ], [ -92.155, 46.692 ], [ -92.124, 46.74 ], [ -92.083, 46.733 ], [ -92.1, 46.748 ], [ -92.004, 46.681 ], [ -91.973, 46.685 ], [ -92.013, 46.708 ], [ -91.943, 46.679 ], [ -91.796, 46.694 ], [ -91.386, 46.788 ], [ -91.187, 46.886 ], [ -91.206, 46.859 ], [ -91.187, 46.846 ], [ -91.14, 46.873 ], [ -91.101, 46.857 ], [ -91.092, 46.883 ], [ -91.052, 46.882 ], [ -90.971, 46.943 ], [ -90.92, 46.932 ], [ -90.856, 46.962 ], [ -90.751, 46.887 ], [ -90.777, 46.886 ], [ -90.799, 46.824 ], [ -90.886, 46.757 ], [ -90.854, 46.694 ], [ -90.915, 46.663 ], [ -90.948, 46.587 ], [ -90.906, 46.583 ], [ -90.721, 46.662 ], [ -90.754, 46.669 ], [ -90.691, 46.66 ], [ -90.758, 46.705 ], [ -90.551, 46.581 ], [ -90.419, 46.566 ], [ -90.393, 46.532 ], [ -90.332, 46.553 ], [ -90.309, 46.537 ], [ -90.317, 46.517 ], [ -90.217, 46.502 ], [ -90.121, 46.337 ], [ -89.092, 46.138 ], [ -88.816, 46.02 ], [ -88.679, 46.013 ], [ -88.671, 45.988 ], [ -88.616, 45.988 ], [ -88.601, 46.018 ], [ -88.515, 46.02 ], [ -88.492, 45.992 ], [ -88.417, 45.975 ], [ -88.381, 45.991 ], [ -88.327, 45.955 ], [ -88.25, 45.964 ], [ -88.101, 45.921 ], [ -88.101, 45.882 ], [ -88.071, 45.874 ], [ -88.13, 45.81 ], [ -88.072, 45.78 ], [ -87.991, 45.795 ], [ -87.959, 45.757 ], [ -87.877, 45.754 ], [ -87.781, 45.679 ], [ -87.826, 45.653 ], [ -87.777, 45.588 ], [ -87.792, 45.563 ], [ -87.834, 45.561 ], [ -87.793, 45.5 ], [ -87.862, 45.434 ], [ -87.849, 45.404 ], [ -87.888, 45.354 ], [ -87.755, 45.349 ], [ -87.694, 45.39 ], [ -87.657, 45.369 ], [ -87.648, 45.34 ], [ -87.726, 45.231 ], [ -87.737, 45.173 ], [ -87.66, 45.107 ], [ -87.586, 45.085 ], [ -87.623, 45.054 ], [ -87.63, 44.983 ], [ -87.782, 44.964 ], [ -87.84, 44.933 ], [ -87.821, 44.899 ], [ -87.987, 44.716 ], [ -88.016, 44.588 ], [ -88.05, 44.559 ], [ -88.006, 44.533 ], [ -87.93, 44.535 ], [ -87.863, 44.616 ], [ -87.755, 44.65 ], [ -87.72, 44.725 ], [ -87.579, 44.853 ], [ -87.55, 44.852 ], [ -87.569, 44.829 ], [ -87.553, 44.824 ], [ -87.534, 44.855 ], [ -87.503, 44.855 ], [ -87.514, 44.87 ], [ -87.487, 44.854 ], [ -87.439, 44.892 ], [ -87.426, 44.89 ], [ -87.44, 44.888 ], [ -87.443, 44.875 ], [ -87.421, 44.877 ], [ -87.391, 44.832 ], [ -87.311, 44.792 ], [ -87.383, 44.658 ], [ -87.436, 44.61 ], [ -87.503, 44.463 ], [ -87.545, 44.309 ], [ -87.512, 44.196 ], [ -87.657, 44.093 ], [ -87.656, 44.053 ], [ -87.719, 43.939 ], [ -87.735, 43.874 ], [ -87.696, 43.764 ], [ -87.713, 43.744 ], [ -87.704, 43.687 ], [ -87.79, 43.563 ], [ -87.792, 43.493 ], [ -87.87, 43.387 ], [ -87.911, 43.251 ], [ -87.881, 43.17 ], [ -87.9, 43.127 ], [ -87.863, 43.074 ], [ -87.899, 43.029 ], [ -87.869, 42.987 ], [ -87.893, 42.971 ], [ -87.889, 42.922 ], [ -88.069, 42.952 ], [ -88.071, 42.844 ], [ -88.307, 42.842 ], [ -88.308, 42.755 ], [ -88.426, 42.756 ], [ -88.423, 42.843 ], [ -89.013, 42.848 ], [ -89.014, 42.76 ], [ -89.131, 42.759 ], [ -89.131, 42.731 ], [ -89.08, 42.73 ], [ -89.081, 42.675 ], [ -89.059, 42.661 ], [ -89.08, 42.628 ], [ -89.065, 42.639 ], [ -89.04, 42.606 ], [ -88.995, 42.634 ], [ -88.974, 42.547 ], [ -88.948, 42.538 ], [ -89.003, 42.539 ], [ -89.011, 42.568 ], [ -89.011, 42.547 ], [ -89.037, 42.525 ], [ -89.055, 42.527 ], [ -89.046, 42.547 ], [ -89.07, 42.555 ], [ -89.068, 42.496 ], [ -90.636, 42.515 ] ] ], [ [ [ -90.58, 46.841 ], [ -90.674, 46.82 ], [ -90.658, 46.789 ], [ -90.787, 46.752 ], [ -90.791, 46.786 ], [ -90.622, 46.873 ], [ -90.58, 46.841 ] ] ], [ [ [ -90.508, 46.957 ], [ -90.54, 46.91 ], [ -90.654, 46.918 ], [ -90.634, 46.943 ], [ -90.53, 46.969 ], [ -90.508, 46.957 ] ] ], [ [ [ -90.739, 46.964 ], [ -90.692, 46.917 ], [ -90.736, 46.914 ], [ -90.765, 46.947 ], [ -90.739, 46.964 ] ] ], [ [ [ -90.393, 47.076 ], [ -90.413, 47.014 ], [ -90.468, 46.991 ], [ -90.449, 47.065 ], [ -90.393, 47.076 ] ] ], [ [ [ -87.311, 44.794 ], [ -87.385, 44.837 ], [ -87.384, 44.887 ], [ -87.406, 44.908 ], [ -87.321, 45.039 ], [ -87.282, 45.047 ], [ -87.237, 45.168 ], [ -87.174, 45.15 ], [ -87.167, 45.184 ], [ -87.119, 45.192 ], [ -87.117, 45.24 ], [ -87.075, 45.254 ], [ -87.068, 45.295 ], [ -86.984, 45.295 ], [ -86.982, 45.218 ], [ -87.047, 45.25 ], [ -87.03, 45.146 ], [ -87.085, 45.145 ], [ -87.047, 45.088 ], [ -87.093, 45.093 ], [ -87.091, 45.051 ], [ -87.123, 45.068 ], [ -87.139, 45.013 ], [ -87.189, 44.969 ], [ -87.172, 44.931 ], [ -87.216, 44.906 ], [ -87.205, 44.875 ], [ -87.263, 44.85 ], [ -87.311, 44.794 ] ] ], [ [ [ -86.877, 45.414 ], [ -86.837, 45.392 ], [ -86.872, 45.332 ], [ -86.92, 45.354 ], [ -86.955, 45.342 ], [ -86.936, 45.421 ], [ -86.924, 45.397 ], [ -86.877, 45.414 ] ] ] ] } },
{ "type": "Feature", "properties": { "st": "WV", "name": "West Virginia", "k": 2, "eD": 0, "eDiss": 0.262, "oD": 0, "oDiss": 0.2529, "voteD": 0.302, "pop": 1793716 }, "geometry": { "type": "Polygon", "coordinates": [ [ [ -82.425, 37.863 ], [ -82.407, 37.867 ], [ -82.421, 37.886 ], [ -82.463, 37.915 ], [ -82.474, 37.9 ], [ -82.502, 37.933 ], [ -82.465, 37.984 ], [ -82.52, 38.002 ], [ -82.55, 38.07 ], [ -82.645, 38.165 ], [ -82.613, 38.17 ], [ -82.598, 38.218 ], [ -82.613, 38.234 ], [ -82.575, 38.264 ], [ -82.597, 38.418 ], [ -82.54, 38.404 ], [ -82.33, 38.445 ], [ -82.292, 38.579 ], [ -82.178, 38.604 ], [ -82.187, 38.733 ], [ -82.222, 38.787 ], [ -82.148, 38.836 ], [ -82.143, 38.899 ], [ -82.039, 39.022 ], [ -82.001, 39.027 ], [ -81.98, 38.994 ], [ -81.933, 38.987 ], [ -81.9, 38.938 ], [ -81.926, 38.902 ], [ -81.91, 38.879 ], [ -81.856, 38.893 ], [ -81.828, 38.946 ], [ -81.763, 38.924 ], [ -81.782, 38.963 ], [ -81.764, 39.015 ], [ -81.814, 39.08 ], [ -81.748, 39.095 ], [ -81.756, 39.181 ], [ -81.694, 39.225 ], [ -81.678, 39.274 ], [ -81.571, 39.267 ], [ -81.557, 39.339 ], [ -81.447, 39.411 ], [ -81.376, 39.342 ], [ -81.219, 39.386 ], [ -80.973, 39.589 ], [ -80.88, 39.62 ], [ -80.863, 39.691 ], [ -80.829, 39.711 ], [ -80.869, 39.766 ], [ -80.791, 39.868 ], [ -80.807, 39.916 ], [ -80.756, 39.913 ], [ -80.739, 40.079 ], [ -80.6, 40.317 ], [ -80.633, 40.394 ], [ -80.596, 40.475 ], [ -80.668, 40.584 ], [ -80.627, 40.62 ], [ -80.519, 40.639 ], [ -80.519, 39.721 ], [ -79.476, 39.721 ], [ -79.487, 39.206 ], [ -79.426, 39.225 ], [ -79.346, 39.294 ], [ -79.291, 39.299 ], [ -79.257, 39.358 ], [ -79.162, 39.388 ], [ -79.159, 39.417 ], [ -79.144, 39.405 ], [ -79.111, 39.432 ], [ -79.103, 39.476 ], [ -79.047, 39.483 ], [ -78.956, 39.44 ], [ -78.959, 39.463 ], [ -78.893, 39.524 ], [ -78.816, 39.563 ], [ -78.826, 39.589 ], [ -78.766, 39.648 ], [ -78.777, 39.622 ], [ -78.734, 39.615 ], [ -78.777, 39.601 ], [ -78.69, 39.545 ], [ -78.473, 39.516 ], [ -78.462, 39.551 ], [ -78.418, 39.549 ], [ -78.456, 39.588 ], [ -78.394, 39.586 ], [ -78.43, 39.624 ], [ -78.375, 39.608 ], [ -78.382, 39.628 ], [ -78.356, 39.641 ], [ -78.267, 39.619 ], [ -78.232, 39.673 ], [ -78.176, 39.696 ], [ -78.081, 39.67 ], [ -78.01, 39.604 ], [ -77.955, 39.608 ], [ -77.947, 39.585 ], [ -77.941, 39.619 ], [ -77.834, 39.604 ], [ -77.837, 39.567 ], [ -77.889, 39.555 ], [ -77.861, 39.515 ], [ -77.824, 39.528 ], [ -77.845, 39.498 ], [ -77.767, 39.497 ], [ -77.797, 39.48 ], [ -77.778, 39.463 ], [ -77.804, 39.437 ], [ -77.753, 39.423 ], [ -77.735, 39.39 ], [ -77.761, 39.34 ], [ -77.72, 39.322 ], [ -77.829, 39.132 ], [ -78.348, 39.466 ], [ -78.36, 39.409 ], [ -78.344, 39.388 ], [ -78.367, 39.36 ], [ -78.339, 39.348 ], [ -78.419, 39.258 ], [ -78.4, 39.244 ], [ -78.438, 39.198 ], [ -78.404, 39.167 ], [ -78.571, 39.032 ], [ -78.551, 39.018 ], [ -78.602, 38.965 ], [ -78.628, 38.982 ], [ -78.717, 38.905 ], [ -78.717, 38.936 ], [ -78.739, 38.927 ], [ -78.869, 38.763 ], [ -78.994, 38.85 ], [ -79.027, 38.793 ], [ -79.055, 38.786 ], [ -79.093, 38.66 ], [ -79.13, 38.655 ], [ -79.21, 38.493 ], [ -79.283, 38.418 ], [ -79.476, 38.457 ], [ -79.537, 38.551 ], [ -79.65, 38.591 ], [ -79.725, 38.364 ], [ -79.765, 38.357 ], [ -79.81, 38.307 ], [ -79.79, 38.268 ], [ -79.915, 38.189 ], [ -79.945, 38.132 ], [ -79.927, 38.106 ], [ -80.0, 37.995 ], [ -80.162, 37.875 ], [ -80.296, 37.693 ], [ -80.267, 37.646 ], [ -80.221, 37.627 ], [ -80.328, 37.564 ], [ -80.313, 37.547 ], [ -80.331, 37.536 ], [ -80.283, 37.534 ], [ -80.465, 37.426 ], [ -80.495, 37.436 ], [ -80.512, 37.481 ], [ -80.77, 37.372 ], [ -80.859, 37.429 ], [ -80.883, 37.384 ], [ -80.85, 37.347 ], [ -80.899, 37.316 ], [ -81.104, 37.281 ], [ -81.225, 37.235 ], [ -81.365, 37.339 ], [ -81.416, 37.274 ], [ -81.499, 37.258 ], [ -81.554, 37.208 ], [ -81.678, 37.202 ], [ -81.74, 37.238 ], [ -81.758, 37.276 ], [ -81.85, 37.285 ], [ -81.928, 37.36 ], [ -81.936, 37.439 ], [ -81.996, 37.477 ], [ -81.926, 37.513 ], [ -81.944, 37.532 ], [ -82.042, 37.548 ], [ -82.047, 37.528 ], [ -82.075, 37.555 ], [ -82.134, 37.553 ], [ -82.127, 37.587 ], [ -82.182, 37.622 ], [ -82.175, 37.648 ], [ -82.215, 37.625 ], [ -82.235, 37.66 ], [ -82.304, 37.676 ], [ -82.296, 37.702 ], [ -82.334, 37.742 ], [ -82.312, 37.764 ], [ -82.402, 37.81 ], [ -82.425, 37.863 ] ] ] } },
{ "type": "Feature", "properties": { "st": "WY", "name": "Wyoming", "k": 1, "eD": 0, "eDiss": 0.313, "oD": 0, "oDiss": 0.313, "voteD": 0.2752, "pop": 576851 }, "geometry": { "type": "Polygon", "coordinates": [ [ [ -111.054, 45.001 ], [ -104.058, 44.998 ], [ -104.053, 41.002 ], [ -111.047, 40.998 ], [ -111.054, 45.001 ] ] ] } }
]
}
